-- ユーザ
DROP TABLE USER;
CREATE TABLE IF NOT EXISTS USER ( ID VARCHAR(20) NOT NULL, NAME VARCHAR(20) NOT NULL , AUTHORITY INT NOT NULL);
-- パスワード
DROP TABLE PASSWORD;
CREATE TABLE IF NOT EXISTS PASSWORD ( USER_ID VARCHAR(20) NOT NULL,PASSWORD VARCHAR(20) NOT NULL );
-- 結果
DROP TABLE RESULT;
CREATE TABLE IF NOT EXISTS RESULT ( ID INT NOT NULL AUTO_INCREMENT, BOARD_GAME_ID INT, BOARD_GAME_TITLE VARCHAR(100), PLACE_ID INT, PLACE_NAME VARCHAR(80), CREATE TIMESTAMP NOT NULL);

-- ユーザごとの結果テーブル
DROP TABLE USER_RESULT;
CREATE TABLE IF NOT EXISTS USER_RESULT ( ID INT NOT NULL AUTO_INCREMENT, USER_ID VARCHAR(20) NOT NULL, RESULT_ID INT NOT NULL, SCORE VARCHAR(20), COMMENT VARCHAR(20));

-- ボードゲーム
DROP TABLE BOARD_GAME;
CREATE TABLE IF NOT EXISTS BOARD_GAME(ID INT NOT NULL AUTO_INCREMENT,  TITLE VARCHAR(100) NOT NULL, PLAYER INT NOT NULL, OVERVIEW VARCHAR(50));
-- 場所
DROP TABLE PLACE;
CREATE TABLE IF NOT EXISTS PLACE (ID INT NOT NULL AUTO_INCREMENT, NAME VARCHAR(80), URL VARCHAR(50));
-- チェックイン
DROP TABLE CHECK_IN;
CREATE TABLE IF NOT EXISTS CHECK_IN(ID INT NOT NULL AUTO_INCREMENT, USER_ID VARCHAR(20) NOT NULL, PLACE_ID INT NOT NULL, TIMESTAMP TIMESTAMP NOT NULL, CHECKED_OUT BOOLEAN);

INSERT INTO USER (ID, NAME, AUTHORITY) VALUES ('admin', 'あどみん', 0);
INSERT INTO USER (ID, NAME, AUTHORITY) VALUES ('admin1', 'あどみん1', 0);
INSERT INTO USER (ID, NAME, AUTHORITY) VALUES ('admin2', 'あどみん2', 0);
INSERT INTO USER (ID, NAME, AUTHORITY) VALUES ('user', 'ユーザ', 0);
INSERT INTO USER (ID, NAME, AUTHORITY) VALUES ('user1', 'ユーザ1', 0);
INSERT INTO USER (ID, NAME, AUTHORITY) VALUES ('user2', 'ユーザ2', 0);
INSERT INTO PASSWORD (USER_ID, PASSWORD) VALUES ('admin', 'password');
INSERT INTO PASSWORD (USER_ID, PASSWORD) VALUES ('admin1', 'password');
INSERT INTO PASSWORD (USER_ID, PASSWORD) VALUES ('admin2', 'password');
INSERT INTO PASSWORD (USER_ID, PASSWORD) VALUES ('user', 'password');
INSERT INTO PASSWORD (USER_ID, PASSWORD) VALUES ('user1', 'password');
INSERT INTO PASSWORD (USER_ID, PASSWORD) VALUES ('user2', 'password');
INSERT INTO RESULT (ID, BOARD_GAME_ID, BOARD_GAME_TITLE, PLACE_ID, PLACE_NAME, CREATE) VALUES (0, 0, 'モノポリー（Monopoly）', 0, 'ショップ娯楽屋　秋葉原スペース店', parsedatetime('17-09-2012 18:47:52.69', 'dd-MM-yyyy hh:mm:ss.SS'));
INSERT INTO RESULT (ID, BOARD_GAME_ID, BOARD_GAME_TITLE, PLACE_ID, PLACE_NAME, CREATE) VALUES (1, 1, '世界の七不思議（7 Wonders）', 1, 'ディアシュピール（DEAR SPIELE）', parsedatetime('17-09-2012 18:47:52.69', 'dd-MM-yyyy hh:mm:ss.SS'));
INSERT INTO RESULT (ID, BOARD_GAME_ID, BOARD_GAME_TITLE, PLACE_ID, PLACE_NAME, CREATE) VALUES (2, 2, '4人の容疑者～湯けむりに消えた謎（Four Suspects）', 1, 'ディアシュピール（DEAR SPIELE）', parsedatetime('17-09-2012 18:47:52.69', 'dd-MM-yyyy hh:mm:ss.SS'));

INSERT INTO USER_RESULT (ID, USER_ID, RESULT_ID, SCORE, COMMENT) VALUES(0, 'admin', 0, '100', 'たのしかった');
INSERT INTO USER_RESULT (ID, USER_ID, RESULT_ID, SCORE, COMMENT) VALUES(1, 'user', 0, '100', 'よかった');
INSERT INTO USER_RESULT (ID, USER_ID, RESULT_ID, SCORE, COMMENT) VALUES(2, 'user1', 0, '100', 'すごかった');
INSERT INTO USER_RESULT (ID, USER_ID, RESULT_ID, SCORE, COMMENT) VALUES(3, 'admin', 1, '1000', '雰囲気ゲーだった');
INSERT INTO USER_RESULT (ID, USER_ID, RESULT_ID, SCORE, COMMENT) VALUES(4, 'user', 2, '10000', 'たのしかった');

INSERT INTO BOARD_GAME (TITLE, PLAYER, OVERVIEW) VALUES ('モノポリー（Monopoly）', 2, '概要0');
INSERT INTO BOARD_GAME (TITLE, PLAYER, OVERVIEW) VALUES ('世界の七不思議（7 Wonders）', 2, '概要0');
INSERT INTO BOARD_GAME (TITLE, PLAYER, OVERVIEW) VALUES ('4人の容疑者～湯けむりに消えた謎（Four Suspects）', 2, '概要0');
INSERT INTO BOARD_GAME (TITLE, PLAYER, OVERVIEW) VALUES ('5本のきゅうり（Five Cucumbers）', 2, '概要0');
INSERT INTO BOARD_GAME (TITLE, PLAYER, OVERVIEW) VALUES ('6 ニムト（6 nimmt!）', 2, '概要0');
INSERT INTO BOARD_GAME (TITLE, PLAYER, OVERVIEW) VALUES ('8ビットモックアップ（8bit MockUp）', 2, '概要0');
INSERT INTO BOARD_GAME (TITLE, PLAYER, OVERVIEW) VALUES ('CS-Files 犯罪現場 / ディセプション（Deception: Murder in Hong Kong）', 2, '概要0');
INSERT INTO BOARD_GAME (TITLE, PLAYER, OVERVIEW) VALUES ('K2（K2）', 2, '概要0');
INSERT INTO BOARD_GAME (TITLE, PLAYER, OVERVIEW) VALUES ('Welcome To... （Welcome To...）', 2, '概要0');
INSERT INTO BOARD_GAME (TITLE, PLAYER, OVERVIEW) VALUES ('あーぎ！てくと（Aargh!Tect / Ugg-Tect）', 2, '概要0');
INSERT INTO BOARD_GAME (TITLE, PLAYER, OVERVIEW) VALUES ('アールライバルズ（R-Rivals）', 2, '概要0');
INSERT INTO BOARD_GAME (TITLE, PLAYER, OVERVIEW) VALUES ('アイスクール（Ice Cool）', 2, '概要0');
INSERT INTO BOARD_GAME (TITLE, PLAYER, OVERVIEW) VALUES ('アイム・ザ・ボス（Im the Boss!）', 2, '概要0');
INSERT INTO BOARD_GAME (TITLE, PLAYER, OVERVIEW) VALUES ('アイランド / サバイブ！（Survive: Escape from Atlantis!）', 2, '概要0');
INSERT INTO BOARD_GAME (TITLE, PLAYER, OVERVIEW) VALUES ('アイルオブスカイ（Isle of Skye: From Chieftain to King）', 2, '概要0');
INSERT INTO BOARD_GAME (TITLE, PLAYER, OVERVIEW) VALUES ('アウグストゥス（Augustus）', 2, '概要0');
INSERT INTO BOARD_GAME (TITLE, PLAYER, OVERVIEW) VALUES ('アクアスフィア（AquaSphere）', 2, '概要0');
INSERT INTO BOARD_GAME (TITLE, PLAYER, OVERVIEW) VALUES ('アグリコラ：ファミリーバージョン（Agricola: Family Edition）', 2, '概要0');
INSERT INTO BOARD_GAME (TITLE, PLAYER, OVERVIEW) VALUES ('アグリコラ：リバイズドエディション（Agricola: Revised Edition）', 2, '概要0');
INSERT INTO BOARD_GAME (TITLE, PLAYER, OVERVIEW) VALUES ('アグリコラ（2人用）：牧場の動物たち（Agricola: All Creatures Big and Small）', 2, '概要0');
INSERT INTO BOARD_GAME (TITLE, PLAYER, OVERVIEW) VALUES ('アグリコラ（Agricola）', 2, '概要0');
INSERT INTO BOARD_GAME (TITLE, PLAYER, OVERVIEW) VALUES ('アクワイア（Acquire）', 2, '概要0');
INSERT INTO BOARD_GAME (TITLE, PLAYER, OVERVIEW) VALUES ('アズール（Azul）', 2, '概要0');
INSERT INTO BOARD_GAME (TITLE, PLAYER, OVERVIEW) VALUES ('アセンション（Ascension: Deckbuilding Game）', 2, '概要0');
INSERT INTO BOARD_GAME (TITLE, PLAYER, OVERVIEW) VALUES ('あてっこついたて（Atekko Tsuitate）', 2, '概要0');
INSERT INTO BOARD_GAME (TITLE, PLAYER, OVERVIEW) VALUES ('アナクロニー（Anachrony）', 2, '概要0');
INSERT INTO BOARD_GAME (TITLE, PLAYER, OVERVIEW) VALUES ('アニマルマインド（Animal Mind）', 2, '概要0');
INSERT INTO BOARD_GAME (TITLE, PLAYER, OVERVIEW) VALUES ('アニュビスの仮面（Mask of Anubis）', 2, '概要0');
INSERT INTO BOARD_GAME (TITLE, PLAYER, OVERVIEW) VALUES ('アバブ・アンド・ビロー（上へ下へ）（ABOVE and BELOW）', 2, '概要0');
INSERT INTO BOARD_GAME (TITLE, PLAYER, OVERVIEW) VALUES ('アブルクセン（Linko! / Abluxxen）', 2, '概要0');
INSERT INTO BOARD_GAME (TITLE, PLAYER, OVERVIEW) VALUES ('アベ・カエサル（Ave Caesar）', 2, '概要0');
INSERT INTO BOARD_GAME (TITLE, PLAYER, OVERVIEW) VALUES ('あやつり人形：新版（Citadels）', 2, '概要0');
INSERT INTO BOARD_GAME (TITLE, PLAYER, OVERVIEW) VALUES ('あやつり人形（Citadels）', 2, '概要0');
INSERT INTO BOARD_GAME (TITLE, PLAYER, OVERVIEW) VALUES ('アラカルト（A la carte）', 2, '概要0');
INSERT INTO BOARD_GAME (TITLE, PLAYER, OVERVIEW) VALUES ('アルケミスト（Alchemist）', 2, '概要0');
INSERT INTO BOARD_GAME (TITLE, PLAYER, OVERVIEW) VALUES ('アルケミスト（Alchemists）', 2, '概要0');
INSERT INTO BOARD_GAME (TITLE, PLAYER, OVERVIEW) VALUES ('アルゴ（Coda / Da Vinci Code / algo）', 2, '概要0');
INSERT INTO BOARD_GAME (TITLE, PLAYER, OVERVIEW) VALUES ('アルゴート（Argoat）', 2, '概要0');
INSERT INTO BOARD_GAME (TITLE, PLAYER, OVERVIEW) VALUES ('アルハンブラの宮殿（Alhambra）', 2, '概要0');
INSERT INTO BOARD_GAME (TITLE, PLAYER, OVERVIEW) VALUES ('アルルの丘（Fields of Arle）', 2, '概要0');
INSERT INTO BOARD_GAME (TITLE, PLAYER, OVERVIEW) VALUES ('アンギャルド（En Garde）', 2, '概要0');
INSERT INTO BOARD_GAME (TITLE, PLAYER, OVERVIEW) VALUES ('アンダーカバー（Heimlich & Co.）', 2, '概要0');
INSERT INTO BOARD_GAME (TITLE, PLAYER, OVERVIEW) VALUES ('アンドールの伝説（Legends of Andor）', 2, '概要0');
INSERT INTO BOARD_GAME (TITLE, PLAYER, OVERVIEW) VALUES ('アンドロイド：ネットランナー（Android: Netrunner）', 2, '概要0');
INSERT INTO BOARD_GAME (TITLE, PLAYER, OVERVIEW) VALUES ('アンロック！：ミステリーアドベンチャー（Unlock! Mystery Adventures）', 2, '概要0');
INSERT INTO BOARD_GAME (TITLE, PLAYER, OVERVIEW) VALUES ('アンロック！（Unlock!）', 2, '概要0');
INSERT INTO BOARD_GAME (TITLE, PLAYER, OVERVIEW) VALUES ('いかさまゴキブリ（Mogel Motte）', 2, '概要0');
INSERT INTO BOARD_GAME (TITLE, PLAYER, OVERVIEW) VALUES ('イスタンブール：ダイスゲーム（Istanbul: Das Würfelspiel）', 2, '概要0');
INSERT INTO BOARD_GAME (TITLE, PLAYER, OVERVIEW) VALUES ('イスタンブール（Istanbul）', 2, '概要0');
INSERT INTO BOARD_GAME (TITLE, PLAYER, OVERVIEW) VALUES ('イスファハン（Yspahan）', 2, '概要0');
INSERT INTO BOARD_GAME (TITLE, PLAYER, OVERVIEW) VALUES ('イチゴリラ（Ichigorilla）', 2, '概要0');
INSERT INTO BOARD_GAME (TITLE, PLAYER, OVERVIEW) VALUES ('イマジナリウム（Imaginarium）', 2, '概要0');
INSERT INTO BOARD_GAME (TITLE, PLAYER, OVERVIEW) VALUES ('イムホテップ / インホテップ（Imhotep）', 2, '概要0');
INSERT INTO BOARD_GAME (TITLE, PLAYER, OVERVIEW) VALUES ('いろはことば（Iroha Kotoba）', 2, '概要0');
INSERT INTO BOARD_GAME (TITLE, PLAYER, OVERVIEW) VALUES ('インカの黄金（Incan Gold）', 2, '概要0');
INSERT INTO BOARD_GAME (TITLE, PLAYER, OVERVIEW) VALUES ('インサイダー・ゲーム（INSIDER GAME）', 2, '概要0');
INSERT INTO BOARD_GAME (TITLE, PLAYER, OVERVIEW) VALUES ('インジーニアス（頭脳絶好調）（Ingenious / Einfach Genial）', 2, '概要0');
INSERT INTO BOARD_GAME (TITLE, PLAYER, OVERVIEW) VALUES ('インシュ（YINSH）', 2, '概要0');
INSERT INTO BOARD_GAME (TITLE, PLAYER, OVERVIEW) VALUES ('インディアン・サマー（Indian Summer）', 2, '概要0');
INSERT INTO BOARD_GAME (TITLE, PLAYER, OVERVIEW) VALUES ('インディゴ（Indigo）', 2, '概要0');
INSERT INTO BOARD_GAME (TITLE, PLAYER, OVERVIEW) VALUES ('インフェルノ（Inferno）', 2, '概要0');
INSERT INTO BOARD_GAME (TITLE, PLAYER, OVERVIEW) VALUES ('ヴァス・シュティッヒ（Was sticht?）', 2, '概要0');
INSERT INTO BOARD_GAME (TITLE, PLAYER, OVERVIEW) VALUES ('ヴァンパイアクイーン（Vampire Queen）', 2, '概要0');
INSERT INTO BOARD_GAME (TITLE, PLAYER, OVERVIEW) VALUES ('ウィ・ウィル・ロック・ユー（Rock the Beat / We Will Rock You!）', 2, '概要0');
INSERT INTO BOARD_GAME (TITLE, PLAYER, OVERVIEW) VALUES ('ヴィア・ネビュラ（Via Nebula）', 2, '概要0');
INSERT INTO BOARD_GAME (TITLE, PLAYER, OVERVIEW) VALUES ('ウィザード エクストリーム（Wizard Extreme）', 2, '概要0');
INSERT INTO BOARD_GAME (TITLE, PLAYER, OVERVIEW) VALUES ('ウィナーズ サークル（Winners Circle）', 2, '概要0');
INSERT INTO BOARD_GAME (TITLE, PLAYER, OVERVIEW) VALUES ('ヴィラ・パレッティ（Villa Paletti）', 2, '概要0');
INSERT INTO BOARD_GAME (TITLE, PLAYER, OVERVIEW) VALUES ('ヴォーパルス（Vorpals）', 2, '概要0');
INSERT INTO BOARD_GAME (TITLE, PLAYER, OVERVIEW) VALUES ('ウノ（UNO）', 2, '概要0');
INSERT INTO BOARD_GAME (TITLE, PLAYER, OVERVIEW) VALUES ('ウボンゴ（Ubongo）', 2, '概要0');
INSERT INTO BOARD_GAME (TITLE, PLAYER, OVERVIEW) VALUES ('ウボンゴ3D（Ubongo 3D）', 2, '概要0');
INSERT INTO BOARD_GAME (TITLE, PLAYER, OVERVIEW) VALUES ('ウミガメの島（Die heisse Schlacht am kalten Buffet / Mahé）', 2, '概要0');
INSERT INTO BOARD_GAME (TITLE, PLAYER, OVERVIEW) VALUES ('うんちしたのだあれ？（Who Did It?）', 2, '概要0');
INSERT INTO BOARD_GAME (TITLE, PLAYER, OVERVIEW) VALUES ('エイジオブクラフト 大建築時代（Age of Craft）', 2, '概要0');
INSERT INTO BOARD_GAME (TITLE, PLAYER, OVERVIEW) VALUES ('えげつな７ / 7人のマフィア（Die Fiesen 7）', 2, '概要0');
INSERT INTO BOARD_GAME (TITLE, PLAYER, OVERVIEW) VALUES ('エスカレーション！（Escalation!）', 2, '概要0');
INSERT INTO BOARD_GAME (TITLE, PLAYER, OVERVIEW) VALUES ('エセ芸術家 ニューヨークへ行く（Fake Artists Go to New York）', 2, '概要0');
INSERT INTO BOARD_GAME (TITLE, PLAYER, OVERVIEW) VALUES ('エルグランデ ビッグボックス（El Grande Big Box）', 2, '概要0');
INSERT INTO BOARD_GAME (TITLE, PLAYER, OVERVIEW) VALUES ('エルグランデ（El Grande）', 2, '概要0');
INSERT INTO BOARD_GAME (TITLE, PLAYER, OVERVIEW) VALUES ('エルドラド（The Quest for El Dorado）', 2, '概要0');
INSERT INTO BOARD_GAME (TITLE, PLAYER, OVERVIEW) VALUES ('エルドリッチホラー（Eldritch Horror）', 2, '概要0');
INSERT INTO BOARD_GAME (TITLE, PLAYER, OVERVIEW) VALUES ('エルフェンランド（Elfenland）', 2, '概要0');
INSERT INTO BOARD_GAME (TITLE, PLAYER, OVERVIEW) VALUES ('オー・マイ・グーッズ！（Oh My Goods!）', 2, '概要0');
INSERT INTO BOARD_GAME (TITLE, PLAYER, OVERVIEW) VALUES ('オーディンの祝祭（A Feast for Odin）', 2, '概要0');
INSERT INTO BOARD_GAME (TITLE, PLAYER, OVERVIEW) VALUES ('おかしな遺言（Last Will）', 2, '概要0');
INSERT INTO BOARD_GAME (TITLE, PLAYER, OVERVIEW) VALUES ('オセロ / リバーシ（Othello / Reversi）', 2, '概要0');
INSERT INTO BOARD_GAME (TITLE, PLAYER, OVERVIEW) VALUES ('おそ松さんラブレターボードゲーム（OSOMATSUSAN LOVE LETTER BOARD GAME）', 2, '概要0');
INSERT INTO BOARD_GAME (TITLE, PLAYER, OVERVIEW) VALUES ('オニリム：最初の旅と七つの書（Onirim (second edition)）', 2, '概要0');
INSERT INTO BOARD_GAME (TITLE, PLAYER, OVERVIEW) VALUES ('おばけキャッチ（Ghost Blitz）', 2, '概要0');
INSERT INTO BOARD_GAME (TITLE, PLAYER, OVERVIEW) VALUES ('オバケだぞ～（Spooky Stairs / Geistertreppe）', 2, '概要0');
INSERT INTO BOARD_GAME (TITLE, PLAYER, OVERVIEW) VALUES ('おばけ屋敷の宝石ハンター / 幽霊、幽霊、宝探し（Ghost Fightin Treasure Hunters / Geister, Geister, Schatzsuchmeister!）', 2, '概要0');
INSERT INTO BOARD_GAME (TITLE, PLAYER, OVERVIEW) VALUES ('オルレアン（Orléans）', 2, '概要0');
INSERT INTO BOARD_GAME (TITLE, PLAYER, OVERVIEW) VALUES ('オレゴン（Oregon）', 2, '概要0');
INSERT INTO BOARD_GAME (TITLE, PLAYER, OVERVIEW) VALUES ('オロンゴ（Orongo）', 2, '概要0');
INSERT INTO BOARD_GAME (TITLE, PLAYER, OVERVIEW) VALUES ('お邪魔者（Saboteur）', 2, '概要0');
INSERT INTO BOARD_GAME (TITLE, PLAYER, OVERVIEW) VALUES ('お邪魔者2（Saboteur 2 (expansion-only editions)）', 2, '概要0');
INSERT INTO BOARD_GAME (TITLE, PLAYER, OVERVIEW) VALUES ('カードライン：動物編（Cardline: Animals）', 2, '概要0');
INSERT INTO BOARD_GAME (TITLE, PLAYER, OVERVIEW) VALUES ('ガイスター（Ghosts! / Geister）', 2, '概要0');
INSERT INTO BOARD_GAME (TITLE, PLAYER, OVERVIEW) VALUES ('カヴェルナ：洞窟の農夫たち（Caverna: The Cave Farmers）', 2, '概要0');
INSERT INTO BOARD_GAME (TITLE, PLAYER, OVERVIEW) VALUES ('カヴェルナ：洞窟対決（Caverna: Cave vs Cave）', 2, '概要0');
INSERT INTO BOARD_GAME (TITLE, PLAYER, OVERVIEW) VALUES ('かたろーぐ / 語ろーぐ（Catalo-gue）', 2, '概要0');
INSERT INTO BOARD_GAME (TITLE, PLAYER, OVERVIEW) VALUES ('カタン：5-6人用追加セット（Catan: 5-6 Player Extension）', 2, '概要0');
INSERT INTO BOARD_GAME (TITLE, PLAYER, OVERVIEW) VALUES ('カタン：航海者版（Catan: Seafarers）', 2, '概要0');
INSERT INTO BOARD_GAME (TITLE, PLAYER, OVERVIEW) VALUES ('カタン（Die Siedler von Catan）', 2, '概要0');
INSERT INTO BOARD_GAME (TITLE, PLAYER, OVERVIEW) VALUES ('カツカレー喰ってる場合か？（Katsu Curry?! This is not the time for that!）', 2, '概要0');
INSERT INTO BOARD_GAME (TITLE, PLAYER, OVERVIEW) VALUES ('カヤナック（Kayanak）', 2, '概要0');
INSERT INTO BOARD_GAME (TITLE, PLAYER, OVERVIEW) VALUES ('カルカソンヌ：宿舎と大聖堂（追加キット1） / 湖畔の宿と大聖堂（Carcassonne: Expansion 1 – Inns & Cathedrals / Die Erweiterung）', 2, '概要0');
INSERT INTO BOARD_GAME (TITLE, PLAYER, OVERVIEW) VALUES ('カルカソンヌ（Carcassonne）', 2, '概要0');
INSERT INTO BOARD_GAME (TITLE, PLAYER, OVERVIEW) VALUES ('カルカソンヌJ（Carcassonne J）', 2, '概要0');
INSERT INTO BOARD_GAME (TITLE, PLAYER, OVERVIEW) VALUES ('カルバ（Karuba）', 2, '概要0');
INSERT INTO BOARD_GAME (TITLE, PLAYER, OVERVIEW) VALUES ('ガンシュンクレバー（Ganz schön clever）', 2, '概要0');
INSERT INTO BOARD_GAME (TITLE, PLAYER, OVERVIEW) VALUES ('キーフラワー（Keyflower）', 2, '概要0');
INSERT INTO BOARD_GAME (TITLE, PLAYER, OVERVIEW) VALUES ('キティズ（KITTYS）', 2, '概要0');
INSERT INTO BOARD_GAME (TITLE, PLAYER, OVERVIEW) VALUES ('キャッシュ＆ガンズ（Cashn Guns）', 2, '概要0');
INSERT INTO BOARD_GAME (TITLE, PLAYER, OVERVIEW) VALUES ('キャッチ・ザ・ムーン（Décrocher la Lune）', 2, '概要0');
INSERT INTO BOARD_GAME (TITLE, PLAYER, OVERVIEW) VALUES ('キャット＆チョコレート：ビジネス編（Cat & Chocolate: Business is Business）', 2, '概要0');
INSERT INTO BOARD_GAME (TITLE, PLAYER, OVERVIEW) VALUES ('キャット＆チョコレート：学園編（Cat & Chocolate: Blooming Days）', 2, '概要0');
INSERT INTO BOARD_GAME (TITLE, PLAYER, OVERVIEW) VALUES ('キャット＆チョコレート：日常編（Cat & Chocolate: Everyday Life）', 2, '概要0');
INSERT INTO BOARD_GAME (TITLE, PLAYER, OVERVIEW) VALUES ('キャット＆チョコレート：幽霊屋敷編（Cat & Chocolate: Haunted House）', 2, '概要0');
INSERT INTO BOARD_GAME (TITLE, PLAYER, OVERVIEW) VALUES ('キャット＆チョコレート（Cat & Chocolate）', 2, '概要0');
INSERT INTO BOARD_GAME (TITLE, PLAYER, OVERVIEW) VALUES ('キャプテン・リノ：スーパーバトル（Rhino Hero: Super Battle）', 2, '概要0');
INSERT INTO BOARD_GAME (TITLE, PLAYER, OVERVIEW) VALUES ('キャプテン・リノ（Super Rhino!）', 2, '概要0');
INSERT INTO BOARD_GAME (TITLE, PLAYER, OVERVIEW) VALUES ('キャプテンソナー（Captain Sonar）', 2, '概要0');
INSERT INTO BOARD_GAME (TITLE, PLAYER, OVERVIEW) VALUES ('キャプテンダイス（CAPTAIN DICE）', 2, '概要0');
INSERT INTO BOARD_GAME (TITLE, PLAYER, OVERVIEW) VALUES ('キャプテンリノ：巨大版（Super Rhino!: Giant Edition）', 2, '概要0');
INSERT INTO BOARD_GAME (TITLE, PLAYER, OVERVIEW) VALUES ('キャメルアップ（Camel Up）', 2, '概要0');
INSERT INTO BOARD_GAME (TITLE, PLAYER, OVERVIEW) VALUES ('キャメロットを覆う影（Shadows over Camelot）', 2, '概要0');
INSERT INTO BOARD_GAME (TITLE, PLAYER, OVERVIEW) VALUES ('ギャラクシー トラッカー（Galaxy Trucker）', 2, '概要0');
INSERT INTO BOARD_GAME (TITLE, PLAYER, OVERVIEW) VALUES ('ギャングスターパラダイス（Gangster Paradise）', 2, '概要0');
INSERT INTO BOARD_GAME (TITLE, PLAYER, OVERVIEW) VALUES ('キャントストップ（Cant Stop）', 2, '概要0');
INSERT INTO BOARD_GAME (TITLE, PLAYER, OVERVIEW) VALUES ('ギャンブラー×ギャンブル！（gambler x gamble!）', 2, '概要0');
INSERT INTO BOARD_GAME (TITLE, PLAYER, OVERVIEW) VALUES ('きょうあくなまもの（Terrible Monster）', 2, '概要0');
INSERT INTO BOARD_GAME (TITLE, PLAYER, OVERVIEW) VALUES ('キョンシー（GANGSI）', 2, '概要0');
INSERT INTO BOARD_GAME (TITLE, PLAYER, OVERVIEW) VALUES ('ギリギリカレー（GiriGiri Curry）', 2, '概要0');
INSERT INTO BOARD_GAME (TITLE, PLAYER, OVERVIEW) VALUES ('キルＤｒ．ラッキー 19.5周年完全版（Kill Doctor Lucky）', 2, '概要0');
INSERT INTO BOARD_GAME (TITLE, PLAYER, OVERVIEW) VALUES ('キング・オブ・トーキョー：パワーアップ（King of Tokyo: Power Up!）', 2, '概要0');
INSERT INTO BOARD_GAME (TITLE, PLAYER, OVERVIEW) VALUES ('キング・オブ・トーキョー（King of Tokyo）', 2, '概要0');
INSERT INTO BOARD_GAME (TITLE, PLAYER, OVERVIEW) VALUES ('キング・オブ・ニューヨーク（King of New York）', 2, '概要0');
INSERT INTO BOARD_GAME (TITLE, PLAYER, OVERVIEW) VALUES ('キングス・フォージ（Kings Forge）', 2, '概要0');
INSERT INTO BOARD_GAME (TITLE, PLAYER, OVERVIEW) VALUES ('キングダムビルダー（Kingdom Builder）', 2, '概要0');
INSERT INTO BOARD_GAME (TITLE, PLAYER, OVERVIEW) VALUES ('キングドミノ（Kingdomino）', 2, '概要0');
INSERT INTO BOARD_GAME (TITLE, PLAYER, OVERVIEW) VALUES ('クアックサルバー（Die Quacksalber von Quedlinburg）', 2, '概要0');
INSERT INTO BOARD_GAME (TITLE, PLAYER, OVERVIEW) VALUES ('クアルト：ミニ（Quarto Mini）', 2, '概要0');
INSERT INTO BOARD_GAME (TITLE, PLAYER, OVERVIEW) VALUES ('クアルト（Quarto）', 2, '概要0');
INSERT INTO BOARD_GAME (TITLE, PLAYER, OVERVIEW) VALUES ('クイーンドミノ（Queendomino）', 2, '概要0');
INSERT INTO BOARD_GAME (TITLE, PLAYER, OVERVIEW) VALUES ('クイズいいセン行きまSHOW！（Quiz Iisen ikimaSHOW!）', 2, '概要0');
INSERT INTO BOARD_GAME (TITLE, PLAYER, OVERVIEW) VALUES ('クイズいいセン行きまSHOW！恋愛編（Quiz Iisen ikimaSHOW! Rennai-hen）', 2, '概要0');
INSERT INTO BOARD_GAME (TITLE, PLAYER, OVERVIEW) VALUES ('クイビット！（King Frog / Quibbit!）', 2, '概要0');
INSERT INTO BOARD_GAME (TITLE, PLAYER, OVERVIEW) VALUES ('クー（Coup）', 2, '概要0');
INSERT INTO BOARD_GAME (TITLE, PLAYER, OVERVIEW) VALUES ('クゥワークル（クワークル）（Qwirkle）', 2, '概要0');
INSERT INTO BOARD_GAME (TITLE, PLAYER, OVERVIEW) VALUES ('クォーリアーズ！（Quarriors!）', 2, '概要0');
INSERT INTO BOARD_GAME (TITLE, PLAYER, OVERVIEW) VALUES ('クク21（Cucco 21）', 2, '概要0');
INSERT INTO BOARD_GAME (TITLE, PLAYER, OVERVIEW) VALUES ('ククカード（Il Cucco）', 2, '概要0');
INSERT INTO BOARD_GAME (TITLE, PLAYER, OVERVIEW) VALUES ('くだものあつめ（Fruit Picking）', 2, '概要0');
INSERT INTO BOARD_GAME (TITLE, PLAYER, OVERVIEW) VALUES ('クトゥルフ・ウォーズ（Cthulhu Wars）', 2, '概要0');
INSERT INTO BOARD_GAME (TITLE, PLAYER, OVERVIEW) VALUES ('クマ牧場 / ベアパーク（Bärenpark / Bear Park）', 2, '概要0');
INSERT INTO BOARD_GAME (TITLE, PLAYER, OVERVIEW) VALUES ('クラスク（KLASK）', 2, '概要0');
INSERT INTO BOARD_GAME (TITLE, PLAYER, OVERVIEW) VALUES ('グラスロード（Glass Road）', 2, '概要0');
INSERT INTO BOARD_GAME (TITLE, PLAYER, OVERVIEW) VALUES ('クラッシュアイス / バランスアイスキューブ / ペンギントラップ（Crush Ice / Penguin Trap）', 2, '概要0');
INSERT INTO BOARD_GAME (TITLE, PLAYER, OVERVIEW) VALUES ('グラバー（Glover）', 2, '概要0');
INSERT INTO BOARD_GAME (TITLE, PLAYER, OVERVIEW) VALUES ('クランク！（Clank!: A Deck-Building Adventure）', 2, '概要0');
INSERT INTO BOARD_GAME (TITLE, PLAYER, OVERVIEW) VALUES ('クランズ・オブ・カレドニア（Clans of Caledonia）', 2, '概要0');
INSERT INTO BOARD_GAME (TITLE, PLAYER, OVERVIEW) VALUES ('グランドオーストリアホテル（Grand Austria Hotel）', 2, '概要0');
INSERT INTO BOARD_GAME (TITLE, PLAYER, OVERVIEW) VALUES ('グリード（$Greed）', 2, '概要0');
INSERT INTO BOARD_GAME (TITLE, PLAYER, OVERVIEW) VALUES ('グリッズルド（The Grizzled）', 2, '概要0');
INSERT INTO BOARD_GAME (TITLE, PLAYER, OVERVIEW) VALUES ('グリモリア（Grimoire）', 2, '概要0');
INSERT INTO BOARD_GAME (TITLE, PLAYER, OVERVIEW) VALUES ('グリュックス（Glüx）', 2, '概要0');
INSERT INTO BOARD_GAME (TITLE, PLAYER, OVERVIEW) VALUES ('クルード（CLUEDO）', 2, '概要0');
INSERT INTO BOARD_GAME (TITLE, PLAYER, OVERVIEW) VALUES ('くるりんパニック！！（クルクルケッコー）（Looping Louie）', 2, '概要0');
INSERT INTO BOARD_GAME (TITLE, PLAYER, OVERVIEW) VALUES ('グレートウェスタントレイル（Great Western Trail）', 2, '概要0');
INSERT INTO BOARD_GAME (TITLE, PLAYER, OVERVIEW) VALUES ('グレンモア（Glen More）', 2, '概要0');
INSERT INTO BOARD_GAME (TITLE, PLAYER, OVERVIEW) VALUES ('ケイラス（Caylus）', 2, '概要0');
INSERT INTO BOARD_GAME (TITLE, PLAYER, OVERVIEW) VALUES ('ゲシェンク（Geschenkt / NO THANKS!）', 2, '概要0');
INSERT INTO BOARD_GAME (TITLE, PLAYER, OVERVIEW) VALUES ('ゲット★スイートラブ（Get sweet love）', 2, '概要0');
INSERT INTO BOARD_GAME (TITLE, PLAYER, OVERVIEW) VALUES ('ゲット★スマートラブ（GET SMART LOVE）', 2, '概要0');
INSERT INTO BOARD_GAME (TITLE, PLAYER, OVERVIEW) VALUES ('ゲットビット！（Get Bit!）', 2, '概要0');
INSERT INTO BOARD_GAME (TITLE, PLAYER, OVERVIEW) VALUES ('ケルト：カード（Keltis: Das Kartenspiel）', 2, '概要0');
INSERT INTO BOARD_GAME (TITLE, PLAYER, OVERVIEW) VALUES ('ケルト：タイル（Keltis: Der Weg der Steine Mitbringspiel）', 2, '概要0');
INSERT INTO BOARD_GAME (TITLE, PLAYER, OVERVIEW) VALUES ('ケルト（Keltis）', 2, '概要0');
INSERT INTO BOARD_GAME (TITLE, PLAYER, OVERVIEW) VALUES ('ケン・ニイムラ版ラブレター（Love Letter: Ken Nimura ver）', 2, '概要0');
INSERT INTO BOARD_GAME (TITLE, PLAYER, OVERVIEW) VALUES ('ごいた / ごいたカード / 奥能登伝承娯楽 ごいた / 天九紙牌（Goita / Goita Card）', 2, '概要0');
INSERT INTO BOARD_GAME (TITLE, PLAYER, OVERVIEW) VALUES ('コインブラ（Coimbra）', 2, '概要0');
INSERT INTO BOARD_GAME (TITLE, PLAYER, OVERVIEW) VALUES ('ごい牌 / 三角ごいた / ごいたろう（Goipai / Sankaku Goita/ Goitarou）', 2, '概要0');
INSERT INTO BOARD_GAME (TITLE, PLAYER, OVERVIEW) VALUES ('コードネーム：デュエット（Codenames Duet）', 2, '概要0');
INSERT INTO BOARD_GAME (TITLE, PLAYER, OVERVIEW) VALUES ('コードネーム：ピクチャーズ（Codenames: Pictures）', 2, '概要0');
INSERT INTO BOARD_GAME (TITLE, PLAYER, OVERVIEW) VALUES ('コードネーム（Codenames）', 2, '概要0');
INSERT INTO BOARD_GAME (TITLE, PLAYER, OVERVIEW) VALUES ('ゴールドエクスペリエンス～黄金体験～（Gold Experience - Ougon Taiken）', 2, '概要0');
INSERT INTO BOARD_GAME (TITLE, PLAYER, OVERVIEW) VALUES ('ごきぶりポーカー・ロイヤル / ごきぶりキング（Kakerlakenpoker Royal）', 2, '概要0');
INSERT INTO BOARD_GAME (TITLE, PLAYER, OVERVIEW) VALUES ('ごきぶりポーカー（Cockroach Poker / Kakerlakenpoker）', 2, '概要0');
INSERT INTO BOARD_GAME (TITLE, PLAYER, OVERVIEW) VALUES ('ゴッズ ギャンビット G（GODS GAMBIT G）', 2, '概要0');
INSERT INTO BOARD_GAME (TITLE, PLAYER, OVERVIEW) VALUES ('コテージガーデン（Cottage Garden）', 2, '概要0');
INSERT INTO BOARD_GAME (TITLE, PLAYER, OVERVIEW) VALUES ('コヨーテ（Coyote）', 2, '概要0');
INSERT INTO BOARD_GAME (TITLE, PLAYER, OVERVIEW) VALUES ('コリドール ミニ（Quoridor: Mini）', 2, '概要0');
INSERT INTO BOARD_GAME (TITLE, PLAYER, OVERVIEW) VALUES ('コリドール（Quoridor）', 2, '概要0');
INSERT INTO BOARD_GAME (TITLE, PLAYER, OVERVIEW) VALUES ('コルトエクスプレス：荒野の駅馬車（Colt Express: Horses & Stagecoach）', 2, '概要0');
INSERT INTO BOARD_GAME (TITLE, PLAYER, OVERVIEW) VALUES ('コルトエクスプレス（Colt Express）', 2, '概要0');
INSERT INTO BOARD_GAME (TITLE, PLAYER, OVERVIEW) VALUES ('コロレット（Coloretto）', 2, '概要0');
INSERT INTO BOARD_GAME (TITLE, PLAYER, OVERVIEW) VALUES ('コンコルディア：サルサ（拡張）（Concordia: Salsa）', 2, '概要0');
INSERT INTO BOARD_GAME (TITLE, PLAYER, OVERVIEW) VALUES ('コンコルディア（Concordia）', 2, '概要0');
INSERT INTO BOARD_GAME (TITLE, PLAYER, OVERVIEW) VALUES ('コンセプト（Concept）', 2, '概要0');
INSERT INTO BOARD_GAME (TITLE, PLAYER, OVERVIEW) VALUES ('コンテナ：10周年ジャンボエディション（Container: 10th Anniversary Jumbo Edition!）', 2, '概要0');
INSERT INTO BOARD_GAME (TITLE, PLAYER, OVERVIEW) VALUES ('コンプレット（Completto）', 2, '概要0');
INSERT INTO BOARD_GAME (TITLE, PLAYER, OVERVIEW) VALUES ('ザ・ゲーム：エクストリーム（The Game: Extreme）', 2, '概要0');
INSERT INTO BOARD_GAME (TITLE, PLAYER, OVERVIEW) VALUES ('ザ・ゲーム（The Game）', 2, '概要0');
INSERT INTO BOARD_GAME (TITLE, PLAYER, OVERVIEW) VALUES ('ザ・ボス（The Boss）', 2, '概要0');
INSERT INTO BOARD_GAME (TITLE, PLAYER, OVERVIEW) VALUES ('ザ・マインド（The Mind）', 2, '概要0');
INSERT INTO BOARD_GAME (TITLE, PLAYER, OVERVIEW) VALUES ('サイズ -大鎌戦役-：彼方よりの侵攻（拡張）（SCYTHE: Invaders from Afar）', 2, '概要0');
INSERT INTO BOARD_GAME (TITLE, PLAYER, OVERVIEW) VALUES ('サイズ -大鎌戦役-：風に舞う策謀（拡張）（Scythe: The Wind Gambit）', 2, '概要0');
INSERT INTO BOARD_GAME (TITLE, PLAYER, OVERVIEW) VALUES ('サイズ -大鎌戦役-（SCYTHE）', 2, '概要0');
INSERT INTO BOARD_GAME (TITLE, PLAYER, OVERVIEW) VALUES ('サグラダ（Sagrada）', 2, '概要0');
INSERT INTO BOARD_GAME (TITLE, PLAYER, OVERVIEW) VALUES ('サフラニート（Safranito）', 2, '概要0');
INSERT INTO BOARD_GAME (TITLE, PLAYER, OVERVIEW) VALUES ('さまよえるオランダ人（Der Fliegende Holländer）', 2, '概要0');
INSERT INTO BOARD_GAME (TITLE, PLAYER, OVERVIEW) VALUES ('サムライ（Samurai）', 2, '概要0');
INSERT INTO BOARD_GAME (TITLE, PLAYER, OVERVIEW) VALUES ('サンクトペテルブルク：第2版（Saint Petersburg (second edition)）', 2, '概要0');
INSERT INTO BOARD_GAME (TITLE, PLAYER, OVERVIEW) VALUES ('サンクトペテルブルク（Sankt Petersburg）', 2, '概要0');
INSERT INTO BOARD_GAME (TITLE, PLAYER, OVERVIEW) VALUES ('サンダーストーン（Thunderstone）', 2, '概要0');
INSERT INTO BOARD_GAME (TITLE, PLAYER, OVERVIEW) VALUES ('サントリーニ（Santorini）', 2, '概要0');
INSERT INTO BOARD_GAME (TITLE, PLAYER, OVERVIEW) VALUES ('サンファン：第二版（San Juan (Second Edition)）', 2, '概要0');
INSERT INTO BOARD_GAME (TITLE, PLAYER, OVERVIEW) VALUES ('サンファン（San Juan）', 2, '概要0');
INSERT INTO BOARD_GAME (TITLE, PLAYER, OVERVIEW) VALUES ('さんマニア（DREIst!）', 2, '概要0');
INSERT INTO BOARD_GAME (TITLE, PLAYER, OVERVIEW) VALUES ('シークレットムーン（Secret Moon）', 2, '概要0');
INSERT INTO BOARD_GAME (TITLE, PLAYER, OVERVIEW) VALUES ('シヴィライゼーション：叡智と闘争（拡張）（Sid Meiers Civilization: The Board Game – Wisdom and Warfare）', 2, '概要0');
INSERT INTO BOARD_GAME (TITLE, PLAYER, OVERVIEW) VALUES ('シヴィライゼーション：富と名声（拡張）（Sid Meiers Civilization: The Board Game – Fame and Fortune）', 2, '概要0');
INSERT INTO BOARD_GAME (TITLE, PLAYER, OVERVIEW) VALUES ('シヴィライゼーション（Sid Meiers Civilization: The Board Game）', 2, '概要0');
INSERT INTO BOARD_GAME (TITLE, PLAYER, OVERVIEW) VALUES ('シェフィ（Shephy）', 2, '概要0');
INSERT INTO BOARD_GAME (TITLE, PLAYER, OVERVIEW) VALUES ('ジャイプル（Jaipur）', 2, '概要0');
INSERT INTO BOARD_GAME (TITLE, PLAYER, OVERVIEW) VALUES ('シャドウハンターズ（Shadow Hunters）', 2, '概要0');
INSERT INTO BOARD_GAME (TITLE, PLAYER, OVERVIEW) VALUES ('シャドウレイダーズ（Shadow Raiders）', 2, '概要0');
INSERT INTO BOARD_GAME (TITLE, PLAYER, OVERVIEW) VALUES ('ジャンクアート（Junk Art）', 2, '概要0');
INSERT INTO BOARD_GAME (TITLE, PLAYER, OVERVIEW) VALUES ('ジャングルスピード（Jungle Speed）', 2, '概要0');
INSERT INTO BOARD_GAME (TITLE, PLAYER, OVERVIEW) VALUES ('シュタウファー（Die Staufer）', 2, '概要0');
INSERT INTO BOARD_GAME (TITLE, PLAYER, OVERVIEW) VALUES ('シュティッヒルン（Sticheln）', 2, '概要0');
INSERT INTO BOARD_GAME (TITLE, PLAYER, OVERVIEW) VALUES ('シンデレラが多すぎる（Too Many Cinderellas）', 2, '概要0');
INSERT INTO BOARD_GAME (TITLE, PLAYER, OVERVIEW) VALUES ('ズーロレット（Zooloretto）', 2, '概要0');
INSERT INTO BOARD_GAME (TITLE, PLAYER, OVERVIEW) VALUES ('スカルキング（Skull King）', 2, '概要0');
INSERT INTO BOARD_GAME (TITLE, PLAYER, OVERVIEW) VALUES ('すきもの（Sukimono）', 2, '概要0');
INSERT INTO BOARD_GAME (TITLE, PLAYER, OVERVIEW) VALUES ('スコットランドヤード：東京（Scotland Yard: Tokyo）', 2, '概要0');
INSERT INTO BOARD_GAME (TITLE, PLAYER, OVERVIEW) VALUES ('スコットランドヤード（Scotland Yard）', 2, '概要0');
INSERT INTO BOARD_GAME (TITLE, PLAYER, OVERVIEW) VALUES ('スシゴー（Sushi Go!）', 2, '概要0');
INSERT INTO BOARD_GAME (TITLE, PLAYER, OVERVIEW) VALUES ('スシゴーパーティ！（Sushi Go Party!）', 2, '概要0');
INSERT INTO BOARD_GAME (TITLE, PLAYER, OVERVIEW) VALUES ('すずめ雀（Suzume Jong）', 2, '概要0');
INSERT INTO BOARD_GAME (TITLE, PLAYER, OVERVIEW) VALUES ('スタータップス（STARTUPS）', 2, '概要0');
INSERT INTO BOARD_GAME (TITLE, PLAYER, OVERVIEW) VALUES ('スターライトステージ（StarLight Stage）', 2, '概要0');
INSERT INTO BOARD_GAME (TITLE, PLAYER, OVERVIEW) VALUES ('スタンプス（Stamps）', 2, '概要0');
INSERT INTO BOARD_GAME (TITLE, PLAYER, OVERVIEW) VALUES ('スティッキー（Zitternix）', 2, '概要0');
INSERT INTO BOARD_GAME (TITLE, PLAYER, OVERVIEW) VALUES ('ストーンエイジ（Stone Age）', 2, '概要0');
INSERT INTO BOARD_GAME (TITLE, PLAYER, OVERVIEW) VALUES ('ストライク（Strike）', 2, '概要0');
INSERT INTO BOARD_GAME (TITLE, PLAYER, OVERVIEW) VALUES ('スノーマンション（Snow Mansion）', 2, '概要0');
INSERT INTO BOARD_GAME (TITLE, PLAYER, OVERVIEW) VALUES ('スパイフォール（Spyfall）', 2, '概要0');
INSERT INTO BOARD_GAME (TITLE, PLAYER, OVERVIEW) VALUES ('スピードカップス（Speed Cups）', 2, '概要0');
INSERT INTO BOARD_GAME (TITLE, PLAYER, OVERVIEW) VALUES ('スモールワールド（Small World）', 2, '概要0');
INSERT INTO BOARD_GAME (TITLE, PLAYER, OVERVIEW) VALUES ('スルー・ジ・エイジズ － 新たなる文明の物語（Through the Ages: A New Story of Civilization）', 2, '概要0');
INSERT INTO BOARD_GAME (TITLE, PLAYER, OVERVIEW) VALUES ('セット（Set）', 2, '概要0');
INSERT INTO BOARD_GAME (TITLE, PLAYER, OVERVIEW) VALUES ('セレスティア（Celestia）', 2, '概要0');
INSERT INTO BOARD_GAME (TITLE, PLAYER, OVERVIEW) VALUES ('セレンゲティ（Serengeti）', 2, '概要0');
INSERT INTO BOARD_GAME (TITLE, PLAYER, OVERVIEW) VALUES ('ゼロ（Zero）', 2, '概要0');
INSERT INTO BOARD_GAME (TITLE, PLAYER, OVERVIEW) VALUES ('センチュリー：イースタンワンダーズ（Century: Eastern Wonders）', 2, '概要0');
INSERT INTO BOARD_GAME (TITLE, PLAYER, OVERVIEW) VALUES ('センチュリー：ゴーレム（Century: Golem Edition）', 2, '概要0');
INSERT INTO BOARD_GAME (TITLE, PLAYER, OVERVIEW) VALUES ('センチュリー：スパイスロード（Century: Spice Road）', 2, '概要0');
INSERT INTO BOARD_GAME (TITLE, PLAYER, OVERVIEW) VALUES ('そっとおやすみ（Schlafmuetze）', 2, '概要0');
INSERT INTO BOARD_GAME (TITLE, PLAYER, OVERVIEW) VALUES ('それはオレの魚だ！（Packeis am Pol / Hey, Thats My Fish!）', 2, '概要0');
INSERT INTO BOARD_GAME (TITLE, PLAYER, OVERVIEW) VALUES ('それはオレの牧場だ！ / バトルシープ（Battle Sheep / Splits）', 2, '概要0');
INSERT INTO BOARD_GAME (TITLE, PLAYER, OVERVIEW) VALUES ('ゾンビサイド（Zombicide）', 2, '概要0');
INSERT INTO BOARD_GAME (TITLE, PLAYER, OVERVIEW) VALUES ('ゾン噛ま～ゾンビにかまれて～（ZOMKAMA）', 2, '概要0');
INSERT INTO BOARD_GAME (TITLE, PLAYER, OVERVIEW) VALUES ('ゾン噛まパーティー（ZOMKAMA Party）', 2, '概要0');
INSERT INTO BOARD_GAME (TITLE, PLAYER, OVERVIEW) VALUES ('ダイスフォージ（Dice Forge）', 2, '概要0');
INSERT INTO BOARD_GAME (TITLE, PLAYER, OVERVIEW) VALUES ('ダイナマイトナース（Dynamite Nurse）', 2, '概要0');
INSERT INTO BOARD_GAME (TITLE, PLAYER, OVERVIEW) VALUES ('タイムストーリーズ（T.I.M.E STORIES）', 2, '概要0');
INSERT INTO BOARD_GAME (TITLE, PLAYER, OVERVIEW) VALUES ('タイムボム：新版（Time Bomb: New Edition）', 2, '概要0');
INSERT INTO BOARD_GAME (TITLE, PLAYER, OVERVIEW) VALUES ('タイムボム（TimeBomb）', 2, '概要0');
INSERT INTO BOARD_GAME (TITLE, PLAYER, OVERVIEW) VALUES ('たぎる論理（Boiling Logic）', 2, '概要0');
INSERT INTO BOARD_GAME (TITLE, PLAYER, OVERVIEW) VALUES ('タギロン（TAGIRON）', 2, '概要0');
INSERT INTO BOARD_GAME (TITLE, PLAYER, OVERVIEW) VALUES ('タケノコ（Takenoko）', 2, '概要0');
INSERT INTO BOARD_GAME (TITLE, PLAYER, OVERVIEW) VALUES ('たった今考えたプロポーズの言葉を君に捧ぐよ（Instant Propose）', 2, '概要0');
INSERT INTO BOARD_GAME (TITLE, PLAYER, OVERVIEW) VALUES ('たのめナイン（Tanome Nine）', 2, '概要0');
INSERT INTO BOARD_GAME (TITLE, PLAYER, OVERVIEW) VALUES ('たほいや（Fictionary）', 2, '概要0');
INSERT INTO BOARD_GAME (TITLE, PLAYER, OVERVIEW) VALUES ('タルギ（Targi）', 2, '概要0');
INSERT INTO BOARD_GAME (TITLE, PLAYER, OVERVIEW) VALUES ('ダンジョンオブマンダム：エイト（Dungeon of Mandom VIII）', 2, '概要0');
INSERT INTO BOARD_GAME (TITLE, PLAYER, OVERVIEW) VALUES ('ダンジョンオブマンダム（Dungeon of Mandom）', 2, '概要0');
INSERT INTO BOARD_GAME (TITLE, PLAYER, OVERVIEW) VALUES ('ダンジョンクエスト クラシック（DungeonQuest Revised Edition）', 2, '概要0');
INSERT INTO BOARD_GAME (TITLE, PLAYER, OVERVIEW) VALUES ('ダンシングドラゴン（Dancing Dragons）', 2, '概要0');
INSERT INTO BOARD_GAME (TITLE, PLAYER, OVERVIEW) VALUES ('チーキー・モンキー / なまいきモンキー（Cheeky Monkey）', 2, '概要0');
INSERT INTO BOARD_GAME (TITLE, PLAYER, OVERVIEW) VALUES ('チームプレイ（Team Play）', 2, '概要0');
INSERT INTO BOARD_GAME (TITLE, PLAYER, OVERVIEW) VALUES ('チグリス・ユーフラテス（Tigris & Euphrates）', 2, '概要0');
INSERT INTO BOARD_GAME (TITLE, PLAYER, OVERVIEW) VALUES ('チケットトゥライド / チケットトゥライドアメリカ（Ticket to Ride）', 2, '概要0');
INSERT INTO BOARD_GAME (TITLE, PLAYER, OVERVIEW) VALUES ('チケットトゥライド：10周年記念版 多言語版（Ticket to Ride: 10th Anniversary）', 2, '概要0');
INSERT INTO BOARD_GAME (TITLE, PLAYER, OVERVIEW) VALUES ('チケットトゥライド：メルクリン（Ticket to Ride: Maerklin）', 2, '概要0');
INSERT INTO BOARD_GAME (TITLE, PLAYER, OVERVIEW) VALUES ('チケットトゥライド：ヨーロッパ（Ticket to Ride: Europe）', 2, '概要0');
INSERT INTO BOARD_GAME (TITLE, PLAYER, OVERVIEW) VALUES ('チャオチャオ（Ciao, Ciao…）', 2, '概要0');
INSERT INTO BOARD_GAME (TITLE, PLAYER, OVERVIEW) VALUES ('チューリップ・バブル（TULIP BUBBLE）', 2, '概要0');
INSERT INTO BOARD_GAME (TITLE, PLAYER, OVERVIEW) VALUES ('ツイクスト（Twixt）', 2, '概要0');
INSERT INTO BOARD_GAME (TITLE, PLAYER, OVERVIEW) VALUES ('ツインイット！（Twin It!）', 2, '概要0');
INSERT INTO BOARD_GAME (TITLE, PLAYER, OVERVIEW) VALUES ('ツォルキン：マヤ神聖歴（Tzolkin: The Mayan Calendar）', 2, '概要0');
INSERT INTO BOARD_GAME (TITLE, PLAYER, OVERVIEW) VALUES ('ツォルキン：部族と予言（拡張）（Tzolkin: Tribes & Prophecies）', 2, '概要0');
INSERT INTO BOARD_GAME (TITLE, PLAYER, OVERVIEW) VALUES ('ディヴィナーレ 倫敦の霊媒師（Divinare）', 2, '概要0');
INSERT INTO BOARD_GAME (TITLE, PLAYER, OVERVIEW) VALUES ('ティカル（Tikal）', 2, '概要0');
INSERT INTO BOARD_GAME (TITLE, PLAYER, OVERVIEW) VALUES ('ディクシット：オデッセイ（Dixit Odyssey）', 2, '概要0');
INSERT INTO BOARD_GAME (TITLE, PLAYER, OVERVIEW) VALUES ('ディクシット（Dixit）', 2, '概要0');
INSERT INTO BOARD_GAME (TITLE, PLAYER, OVERVIEW) VALUES ('ディセント：第2版（Descent: Journeys in the Dark (Second Edition)）', 2, '概要0');
INSERT INTO BOARD_GAME (TITLE, PLAYER, OVERVIEW) VALUES ('ディプロマシー（Diplomacy）', 2, '概要0');
INSERT INTO BOARD_GAME (TITLE, PLAYER, OVERVIEW) VALUES ('デウス（Deus）', 2, '概要0');
INSERT INTO BOARD_GAME (TITLE, PLAYER, OVERVIEW) VALUES ('テーベ / テーベの東（Thebes）', 2, '概要0');
INSERT INTO BOARD_GAME (TITLE, PLAYER, OVERVIEW) VALUES ('テオティワカン：シティ・オブ・ゴッズ（Teotihuacan: City of Gods）', 2, '概要0');
INSERT INTO BOARD_GAME (TITLE, PLAYER, OVERVIEW) VALUES ('テキサスショーダウン（Texas Showdown）', 2, '概要0');
INSERT INTO BOARD_GAME (TITLE, PLAYER, OVERVIEW) VALUES ('デクリプト（Decrypto）', 2, '概要0');
INSERT INTO BOARD_GAME (TITLE, PLAYER, OVERVIEW) VALUES ('デジャブ（DEJA-VU）', 2, '概要0');
INSERT INTO BOARD_GAME (TITLE, PLAYER, OVERVIEW) VALUES ('テストプレイなんてしてないよ 黒（We Didnt Playtest This Either）', 2, '概要0');
INSERT INTO BOARD_GAME (TITLE, PLAYER, OVERVIEW) VALUES ('テストプレイなんてしてないよ（We Didnt Playtest This at All）', 2, '概要0');
INSERT INTO BOARD_GAME (TITLE, PLAYER, OVERVIEW) VALUES ('デッド・オブ・ウィンター（Dead of Winter: A Crossroads Game）', 2, '概要0');
INSERT INTO BOARD_GAME (TITLE, PLAYER, OVERVIEW) VALUES ('デモンワーカー（Demon Worker）', 2, '概要0');
INSERT INTO BOARD_GAME (TITLE, PLAYER, OVERVIEW) VALUES ('デュプリク / アイデンティク（Duplik / Identik）', 2, '概要0');
INSERT INTO BOARD_GAME (TITLE, PLAYER, OVERVIEW) VALUES ('テラフォーミングマーズ：ヴィーナス・ネクスト（拡張）（Terraforming Mars: Venus Next）', 2, '概要0');
INSERT INTO BOARD_GAME (TITLE, PLAYER, OVERVIEW) VALUES ('テラフォーミングマーズ：ヘラス＆エリジウム（拡張）（Terraforming Mars: Hellas & Elysium）', 2, '概要0');
INSERT INTO BOARD_GAME (TITLE, PLAYER, OVERVIEW) VALUES ('テラフォーミングマーズ（Terraforming Mars）', 2, '概要0');
INSERT INTO BOARD_GAME (TITLE, PLAYER, OVERVIEW) VALUES ('テラミスティカ：ガイアプロジェクト（Gaia Project）', 2, '概要0');
INSERT INTO BOARD_GAME (TITLE, PLAYER, OVERVIEW) VALUES ('テラミスティカ：氷と炎（拡張）（Terra Mystica: Fire & Ice）', 2, '概要0');
INSERT INTO BOARD_GAME (TITLE, PLAYER, OVERVIEW) VALUES ('テラミスティカ（Terra Mystica）', 2, '概要0');
INSERT INTO BOARD_GAME (TITLE, PLAYER, OVERVIEW) VALUES ('テレストレーション（Telestrations）', 2, '概要0');
INSERT INTO BOARD_GAME (TITLE, PLAYER, OVERVIEW) VALUES ('どうぶつしょうぎ（Dōbutsu Shōgi）', 2, '概要0');
INSERT INTO BOARD_GAME (TITLE, PLAYER, OVERVIEW) VALUES ('トーキョー・ハイウェイ（TOKYO HIGHWAY）', 2, '概要0');
INSERT INTO BOARD_GAME (TITLE, PLAYER, OVERVIEW) VALUES ('トーレス（Torres）', 2, '概要0');
INSERT INTO BOARD_GAME (TITLE, PLAYER, OVERVIEW) VALUES ('ドクターエウレカ（Dr. Eureka）', 2, '概要0');
INSERT INTO BOARD_GAME (TITLE, PLAYER, OVERVIEW) VALUES ('ドデリド（Do De Li Do）', 2, '概要0');
INSERT INTO BOARD_GAME (TITLE, PLAYER, OVERVIEW) VALUES ('ドブル（Dobble / Spot it!）', 2, '概要0');
INSERT INTO BOARD_GAME (TITLE, PLAYER, OVERVIEW) VALUES ('トマトマト（Tomatomato）', 2, '概要0');
INSERT INTO BOARD_GAME (TITLE, PLAYER, OVERVIEW) VALUES ('ドミニオン：ギルド（Dominion: Guilds）', 2, '概要0');
INSERT INTO BOARD_GAME (TITLE, PLAYER, OVERVIEW) VALUES ('ドミニオン：暗黒時代（Dominion: Dark Ages）', 2, '概要0');
INSERT INTO BOARD_GAME (TITLE, PLAYER, OVERVIEW) VALUES ('ドミニオン：異郷（Dominion: Hinterlands）', 2, '概要0');
INSERT INTO BOARD_GAME (TITLE, PLAYER, OVERVIEW) VALUES ('ドミニオン：陰謀（Dominion: Intrigue）', 2, '概要0');
INSERT INTO BOARD_GAME (TITLE, PLAYER, OVERVIEW) VALUES ('ドミニオン：海辺（Dominion: Seaside）', 2, '概要0');
INSERT INTO BOARD_GAME (TITLE, PLAYER, OVERVIEW) VALUES ('ドミニオン：収穫祭（Dominion: Cornucopia）', 2, '概要0');
INSERT INTO BOARD_GAME (TITLE, PLAYER, OVERVIEW) VALUES ('ドミニオン：第二版（Dominion (Second Edition)）', 2, '概要0');
INSERT INTO BOARD_GAME (TITLE, PLAYER, OVERVIEW) VALUES ('ドミニオン：帝国（Dominion: Empires）', 2, '概要0');
INSERT INTO BOARD_GAME (TITLE, PLAYER, OVERVIEW) VALUES ('ドミニオン：繁栄（Dominion: Prosperity）', 2, '概要0');
INSERT INTO BOARD_GAME (TITLE, PLAYER, OVERVIEW) VALUES ('ドミニオン：冒険（Dominion: Adventures）', 2, '概要0');
INSERT INTO BOARD_GAME (TITLE, PLAYER, OVERVIEW) VALUES ('ドミニオン：錬金術（Dominion: Alchemy）', 2, '概要0');
INSERT INTO BOARD_GAME (TITLE, PLAYER, OVERVIEW) VALUES ('ドミニオン（Dominion）', 2, '概要0');
INSERT INTO BOARD_GAME (TITLE, PLAYER, OVERVIEW) VALUES ('ドメモ（DOMEMO）', 2, '概要0');
INSERT INTO BOARD_GAME (TITLE, PLAYER, OVERVIEW) VALUES ('ドラゴンイヤー17（In the Year of the Dragon: 10th Anniversary）', 2, '概要0');
INSERT INTO BOARD_GAME (TITLE, PLAYER, OVERVIEW) VALUES ('ドラスレ（Dorasure）', 2, '概要0');
INSERT INTO BOARD_GAME (TITLE, PLAYER, OVERVIEW) VALUES ('トラヤヌス（Trajan）', 2, '概要0');
INSERT INTO BOARD_GAME (TITLE, PLAYER, OVERVIEW) VALUES ('トランスアメリカ（Trans America）', 2, '概要0');
INSERT INTO BOARD_GAME (TITLE, PLAYER, OVERVIEW) VALUES ('ドリーム・ホーム（Dream Home / DOMEK）', 2, '概要0');
INSERT INTO BOARD_GAME (TITLE, PLAYER, OVERVIEW) VALUES ('トリック オブ スパイ（Trick of Spy）', 2, '概要0');
INSERT INTO BOARD_GAME (TITLE, PLAYER, OVERVIEW) VALUES ('トリックと怪人（Tricks and the Phantom）', 2, '概要0');
INSERT INTO BOARD_GAME (TITLE, PLAYER, OVERVIEW) VALUES ('トロイカ（Troika）', 2, '概要0');
INSERT INTO BOARD_GAME (TITLE, PLAYER, OVERVIEW) VALUES ('ドロップイット（Drop It）', 2, '概要0');
INSERT INTO BOARD_GAME (TITLE, PLAYER, OVERVIEW) VALUES ('トロワ（Troyes）', 2, '概要0');
INSERT INTO BOARD_GAME (TITLE, PLAYER, OVERVIEW) VALUES ('トワイライト・ストラグル（Twilight Struggle）', 2, '概要0');
INSERT INTO BOARD_GAME (TITLE, PLAYER, OVERVIEW) VALUES ('ナイアガラ（Niagara）', 2, '概要0');
INSERT INTO BOARD_GAME (TITLE, PLAYER, OVERVIEW) VALUES ('ナイトクラン（Night Clan）', 2, '概要0');
INSERT INTO BOARD_GAME (TITLE, PLAYER, OVERVIEW) VALUES ('ナインタイル（Nine Tiles）', 2, '概要0');
INSERT INTO BOARD_GAME (TITLE, PLAYER, OVERVIEW) VALUES ('ナヴェガドール（Navegador）', 2, '概要0');
INSERT INTO BOARD_GAME (TITLE, PLAYER, OVERVIEW) VALUES ('ナゲッツ（Armadöra / Nuggets）', 2, '概要0');
INSERT INTO BOARD_GAME (TITLE, PLAYER, OVERVIEW) VALUES ('ナショナルエコノミー・メセナ（NATIONAL ECONOMY MECENAT）', 2, '概要0');
INSERT INTO BOARD_GAME (TITLE, PLAYER, OVERVIEW) VALUES ('ナショナルエコノミー（NATIONAL ECONOMY）', 2, '概要0');
INSERT INTO BOARD_GAME (TITLE, PLAYER, OVERVIEW) VALUES ('なつのたからもの（Circus Flohcati / Zirkus Flohcati: Japanese Edition）', 2, '概要0');
INSERT INTO BOARD_GAME (TITLE, PLAYER, OVERVIEW) VALUES ('ナンジャモンジャ・シロ（Toddles-Bobbles White）', 2, '概要0');
INSERT INTO BOARD_GAME (TITLE, PLAYER, OVERVIEW) VALUES ('ナンジャモンジャ・ペアセット（Toddles-Bobbles 2in1）', 2, '概要0');
INSERT INTO BOARD_GAME (TITLE, PLAYER, OVERVIEW) VALUES ('ナンジャモンジャ・ミドリ（Toddles-Bobbles Green）', 2, '概要0');
INSERT INTO BOARD_GAME (TITLE, PLAYER, OVERVIEW) VALUES ('ナンバーナイン（NMBR 9）', 2, '概要0');
INSERT INTO BOARD_GAME (TITLE, PLAYER, OVERVIEW) VALUES ('ニットウィット（Knit Wit）', 2, '概要0');
INSERT INTO BOARD_GAME (TITLE, PLAYER, OVERVIEW) VALUES ('ニッポン：明治維新（Nippon）', 2, '概要0');
INSERT INTO BOARD_GAME (TITLE, PLAYER, OVERVIEW) VALUES ('ニューヨーク・スライス / ニューヨークスライスピザ（New York Slice）', 2, '概要0');
INSERT INTO BOARD_GAME (TITLE, PLAYER, OVERVIEW) VALUES ('ニューロストレガシー（NEW Lost Legacy）', 2, '概要0');
INSERT INTO BOARD_GAME (TITLE, PLAYER, OVERVIEW) VALUES ('にわとりのしっぽ / にわとりの追いかけっこ（Chicken Cha Cha Cha）', 2, '概要0');
INSERT INTO BOARD_GAME (TITLE, PLAYER, OVERVIEW) VALUES ('ねことねずみの大レース（Viva Topo!）', 2, '概要0');
INSERT INTO BOARD_GAME (TITLE, PLAYER, OVERVIEW) VALUES ('ノイ：限定生産ホラー版（Neu: Horror Edition）', 2, '概要0');
INSERT INTO BOARD_GAME (TITLE, PLAYER, OVERVIEW) VALUES ('ノイ（Neu）', 2, '概要0');
INSERT INTO BOARD_GAME (TITLE, PLAYER, OVERVIEW) VALUES ('ノイシュヴァンシュタイン城 ～狂王ルートヴィヒの見果てぬ夢～（Castles of Mad King Ludwig）', 2, '概要0');
INSERT INTO BOARD_GAME (TITLE, PLAYER, OVERVIEW) VALUES ('ノートルダム：10周年記念版（Notre Dame: 10th Anniversary）', 2, '概要0');
INSERT INTO BOARD_GAME (TITLE, PLAYER, OVERVIEW) VALUES ('ノートルダム（Notre Dame）', 2, '概要0');
INSERT INTO BOARD_GAME (TITLE, PLAYER, OVERVIEW) VALUES ('ノームの村（Schüttels）', 2, '概要0');
INSERT INTO BOARD_GAME (TITLE, PLAYER, OVERVIEW) VALUES ('のびのびTRPG ザ・ホラー（Novice Novice Table Talk Role Playing Game: The Horror）', 2, '概要0');
INSERT INTO BOARD_GAME (TITLE, PLAYER, OVERVIEW) VALUES ('ハートオブクラウン（Heart of Crown）', 2, '概要0');
INSERT INTO BOARD_GAME (TITLE, PLAYER, OVERVIEW) VALUES ('ハートオブクラウン～フェアリーガーデン～（Heart of Crown: Fairy Garden）', 2, '概要0');
INSERT INTO BOARD_GAME (TITLE, PLAYER, OVERVIEW) VALUES ('ハートオブクラウン～極東辺境領～（Heart of Crown: Far East Territory）', 2, '概要0');
INSERT INTO BOARD_GAME (TITLE, PLAYER, OVERVIEW) VALUES ('ハートオブクラウン～北限の魔女～（Heart of Crown: Northern Enchantress）', 2, '概要0');
INSERT INTO BOARD_GAME (TITLE, PLAYER, OVERVIEW) VALUES ('ハーフパイントヒーローズ（Half-Pint Heroes）', 2, '概要0');
INSERT INTO BOARD_GAME (TITLE, PLAYER, OVERVIEW) VALUES ('ハイソサエティ（High Society）', 2, '概要0');
INSERT INTO BOARD_GAME (TITLE, PLAYER, OVERVIEW) VALUES ('ハイパーロボット（Rasende Roboter）', 2, '概要0');
INSERT INTO BOARD_GAME (TITLE, PLAYER, OVERVIEW) VALUES ('バイバイレミング（ByeBye Lemming）', 2, '概要0');
INSERT INTO BOARD_GAME (TITLE, PLAYER, OVERVIEW) VALUES ('バウンス・オフ！（Bounce-Off）', 2, '概要0');
INSERT INTO BOARD_GAME (TITLE, PLAYER, OVERVIEW) VALUES ('バオバブ（Baobab）', 2, '概要0');
INSERT INTO BOARD_GAME (TITLE, PLAYER, OVERVIEW) VALUES ('ハゲタカのえじき（Raj / Hols der Geier）', 2, '概要0');
INSERT INTO BOARD_GAME (TITLE, PLAYER, OVERVIEW) VALUES ('ハコオンナ（hakoonna）', 2, '概要0');
INSERT INTO BOARD_GAME (TITLE, PLAYER, OVERVIEW) VALUES ('バザリ（Basari）', 2, '概要0');
INSERT INTO BOARD_GAME (TITLE, PLAYER, OVERVIEW) VALUES ('ハチエンダ（Hazienda）', 2, '概要0');
INSERT INTO BOARD_GAME (TITLE, PLAYER, OVERVIEW) VALUES ('パック＆スタック / ザックンパック（Pack & Stack / Zack & Pack）', 2, '概要0');
INSERT INTO BOARD_GAME (TITLE, PLAYER, OVERVIEW) VALUES ('バックギャモン（Backgammon）', 2, '概要0');
INSERT INTO BOARD_GAME (TITLE, PLAYER, OVERVIEW) VALUES ('パッチワーク（Patchwork）', 2, '概要0');
INSERT INTO BOARD_GAME (TITLE, PLAYER, OVERVIEW) VALUES ('パトリツィア（Patrizier）', 2, '概要0');
INSERT INTO BOARD_GAME (TITLE, PLAYER, OVERVIEW) VALUES ('バトルライン（Battle Line）', 2, '概要0');
INSERT INTO BOARD_GAME (TITLE, PLAYER, OVERVIEW) VALUES ('パトロネージュ（Patronage）', 2, '概要0');
INSERT INTO BOARD_GAME (TITLE, PLAYER, OVERVIEW) VALUES ('バニー・キングダム（Bunny Kingdom）', 2, '概要0');
INSERT INTO BOARD_GAME (TITLE, PLAYER, OVERVIEW) VALUES ('ババンク（Vabanque）', 2, '概要0');
INSERT INTO BOARD_GAME (TITLE, PLAYER, OVERVIEW) VALUES ('バベル（BABEL）', 2, '概要0');
INSERT INTO BOARD_GAME (TITLE, PLAYER, OVERVIEW) VALUES ('ハリガリ（Halli Galli）', 2, '概要0');
INSERT INTO BOARD_GAME (TITLE, PLAYER, OVERVIEW) VALUES ('バルバロッサ（Barbarossa）', 2, '概要0');
INSERT INTO BOARD_GAME (TITLE, PLAYER, OVERVIEW) VALUES ('パレード（Parade）', 2, '概要0');
INSERT INTO BOARD_GAME (TITLE, PLAYER, OVERVIEW) VALUES ('バロニィ（Barony）', 2, '概要0');
INSERT INTO BOARD_GAME (TITLE, PLAYER, OVERVIEW) VALUES ('ハンザ・テウトニカ（Hansa Teutonica）', 2, '概要0');
INSERT INTO BOARD_GAME (TITLE, PLAYER, OVERVIEW) VALUES ('ハンザ（Hansa）', 2, '概要0');
INSERT INTO BOARD_GAME (TITLE, PLAYER, OVERVIEW) VALUES ('ハンズ（Hands）', 2, '概要0');
INSERT INTO BOARD_GAME (TITLE, PLAYER, OVERVIEW) VALUES ('パンデミック・レガシー：シーズン1（Pandemic Legacy: Season 1）', 2, '概要0');
INSERT INTO BOARD_GAME (TITLE, PLAYER, OVERVIEW) VALUES ('パンデミック・レガシー：シーズン2（Pandemic Legacy: Season 2）', 2, '概要0');
INSERT INTO BOARD_GAME (TITLE, PLAYER, OVERVIEW) VALUES ('パンデミック：イベリア（Pandemic: Iberia）', 2, '概要0');
INSERT INTO BOARD_GAME (TITLE, PLAYER, OVERVIEW) VALUES ('パンデミック：クトゥルフの呼び声（Pandemic: Reign of Cthulhu）', 2, '概要0');
INSERT INTO BOARD_GAME (TITLE, PLAYER, OVERVIEW) VALUES ('パンデミック：完全治療（Pandemic: The Cure）', 2, '概要0');
INSERT INTO BOARD_GAME (TITLE, PLAYER, OVERVIEW) VALUES ('パンデミック：新たなる試練（Pandemic: A New Challenge）', 2, '概要0');
INSERT INTO BOARD_GAME (TITLE, PLAYER, OVERVIEW) VALUES ('パンデミック：迫りくる危機（Pandemic: On the Brink）', 2, '概要0');
INSERT INTO BOARD_GAME (TITLE, PLAYER, OVERVIEW) VALUES ('パンデミック（旧版）（Pandemic）', 2, '概要0');
INSERT INTO BOARD_GAME (TITLE, PLAYER, OVERVIEW) VALUES ('ピクテル（Pictell）', 2, '概要0');
INSERT INTO BOARD_GAME (TITLE, PLAYER, OVERVIEW) VALUES ('ピクトマニア（Pictomania）', 2, '概要0');
INSERT INTO BOARD_GAME (TITLE, PLAYER, OVERVIEW) VALUES ('ビザンツ（Byzanz）', 2, '概要0');
INSERT INTO BOARD_GAME (TITLE, PLAYER, OVERVIEW) VALUES ('ビッグ・チーズ（The Big Cheese）', 2, '概要0');
INSERT INTO BOARD_GAME (TITLE, PLAYER, OVERVIEW) VALUES ('ぴっぐテン（Pig 10）', 2, '概要0');
INSERT INTO BOARD_GAME (TITLE, PLAYER, OVERVIEW) VALUES ('ピット / デラックスピット（Pit / Deluxe Pit）', 2, '概要0');
INSERT INTO BOARD_GAME (TITLE, PLAYER, OVERVIEW) VALUES ('ヒット・ザ・ロード（Hit Z Road）', 2, '概要0');
INSERT INTO BOARD_GAME (TITLE, PLAYER, OVERVIEW) VALUES ('ヒットマンガ（Hit Manga）', 2, '概要0');
INSERT INTO BOARD_GAME (TITLE, PLAYER, OVERVIEW) VALUES ('ヒト＋イロ / ヒトトイロ（Match Me）', 2, '概要0');
INSERT INTO BOARD_GAME (TITLE, PLAYER, OVERVIEW) VALUES ('ビブリオス（Biblios）', 2, '概要0');
INSERT INTO BOARD_GAME (TITLE, PLAYER, OVERVIEW) VALUES ('ヒューゴ オバケと鬼ごっこ（Hugo）', 2, '概要0');
INSERT INTO BOARD_GAME (TITLE, PLAYER, OVERVIEW) VALUES ('ヒューズ / フューズ（FUSE）', 2, '概要0');
INSERT INTO BOARD_GAME (TITLE, PLAYER, OVERVIEW) VALUES ('ビンジョー×コウジョー（Piggyback x Factory）', 2, '概要0');
INSERT INTO BOARD_GAME (TITLE, PLAYER, OVERVIEW) VALUES ('ファーストクラス / 一等車：オリエント急行の道中（First Class）', 2, '概要0');
INSERT INTO BOARD_GAME (TITLE, PLAYER, OVERVIEW) VALUES ('ファイブミニット ダンジョン（5-Minute Dungeon）', 2, '概要0');
INSERT INTO BOARD_GAME (TITLE, PLAYER, OVERVIEW) VALUES ('ファウナ（Fauna）', 2, '概要0');
INSERT INTO BOARD_GAME (TITLE, PLAYER, OVERVIEW) VALUES ('ファクトリー・ファンナー（Factory Funner）', 2, '概要0');
INSERT INTO BOARD_GAME (TITLE, PLAYER, OVERVIEW) VALUES ('ファストラック（Fastrack）', 2, '概要0');
INSERT INTO BOARD_GAME (TITLE, PLAYER, OVERVIEW) VALUES ('ファブフィブ（Fab Fib）', 2, '概要0');
INSERT INTO BOARD_GAME (TITLE, PLAYER, OVERVIEW) VALUES ('ファミリア（Famiglia）', 2, '概要0');
INSERT INTO BOARD_GAME (TITLE, PLAYER, OVERVIEW) VALUES ('ファラオの恩恵（Favor of the Pharaoh）', 2, '概要0');
INSERT INTO BOARD_GAME (TITLE, PLAYER, OVERVIEW) VALUES ('フィルムを巻いて！（WIND THE FILM!）', 2, '概要0');
INSERT INTO BOARD_GAME (TITLE, PLAYER, OVERVIEW) VALUES ('ブードゥープリンス（Voodoo Prince）', 2, '概要0');
INSERT INTO BOARD_GAME (TITLE, PLAYER, OVERVIEW) VALUES ('フードチェーンマグネイト（Food Chain Magnate）', 2, '概要0');
INSERT INTO BOARD_GAME (TITLE, PLAYER, OVERVIEW) VALUES ('プエルトリコ（Puerto Rico）', 2, '概要0');
INSERT INTO BOARD_GAME (TITLE, PLAYER, OVERVIEW) VALUES ('プエルトリコ2014（Puerto Rico 2014）', 2, '概要0');
INSERT INTO BOARD_GAME (TITLE, PLAYER, OVERVIEW) VALUES ('フェレータ（Verräter）', 2, '概要0');
INSERT INTO BOARD_GAME (TITLE, PLAYER, OVERVIEW) VALUES ('フォー・セール（For Sale）', 2, '概要0');
INSERT INTO BOARD_GAME (TITLE, PLAYER, OVERVIEW) VALUES ('フォルム・ロマヌム（Forum Romanum）', 2, '概要0');
INSERT INTO BOARD_GAME (TITLE, PLAYER, OVERVIEW) VALUES ('ぶくぶく（Land Unter）', 2, '概要0');
INSERT INTO BOARD_GAME (TITLE, PLAYER, OVERVIEW) VALUES ('ふたつの街の物語（Between Two Cities）', 2, '概要0');
INSERT INTO BOARD_GAME (TITLE, PLAYER, OVERVIEW) VALUES ('ブックメイカーズ（Book Makers）', 2, '概要0');
INSERT INTO BOARD_GAME (TITLE, PLAYER, OVERVIEW) VALUES ('フッチカート（Fuji Flush / Futschikato）', 2, '概要0');
INSERT INTO BOARD_GAME (TITLE, PLAYER, OVERVIEW) VALUES ('ブラス（Brass）', 2, '概要0');
INSERT INTO BOARD_GAME (TITLE, PLAYER, OVERVIEW) VALUES ('ブラックストーリーズ：50の黒い物語（Black Stories）', 2, '概要0');
INSERT INTO BOARD_GAME (TITLE, PLAYER, OVERVIEW) VALUES ('フラッシュポイント：火災救助隊（Flash Point: Fire Rescue）', 2, '概要0');
INSERT INTO BOARD_GAME (TITLE, PLAYER, OVERVIEW) VALUES ('ブラッディ・イン（Bloody Inn）', 2, '概要0');
INSERT INTO BOARD_GAME (TITLE, PLAYER, OVERVIEW) VALUES ('ブラッドバウンド（Blood Bound）', 2, '概要0');
INSERT INTO BOARD_GAME (TITLE, PLAYER, OVERVIEW) VALUES ('ブラフ（Bluff / Liars Dice）', 2, '概要0');
INSERT INTO BOARD_GAME (TITLE, PLAYER, OVERVIEW) VALUES ('プララーヤ（Pralaya）', 2, '概要0');
INSERT INTO BOARD_GAME (TITLE, PLAYER, OVERVIEW) VALUES ('ブリュージュ / ブルッヘ（Bruges）', 2, '概要0');
INSERT INTO BOARD_GAME (TITLE, PLAYER, OVERVIEW) VALUES ('フルーツジュース（Fabled Fruit）', 2, '概要0');
INSERT INTO BOARD_GAME (TITLE, PLAYER, OVERVIEW) VALUES ('ブループリント（Blueprints）', 2, '概要0');
INSERT INTO BOARD_GAME (TITLE, PLAYER, OVERVIEW) VALUES ('ブルームーン：レジェンド（Blue Moon Legends）', 2, '概要0');
INSERT INTO BOARD_GAME (TITLE, PLAYER, OVERVIEW) VALUES ('ブルームサービス（Broom Service）', 2, '概要0');
INSERT INTO BOARD_GAME (TITLE, PLAYER, OVERVIEW) VALUES ('ブルゴーニュ（The Castles of Burgundy / Die Burgen von Burgund）', 2, '概要0');
INSERT INTO BOARD_GAME (TITLE, PLAYER, OVERVIEW) VALUES ('ブレイドロンド（Blade Rondo）', 2, '概要0');
INSERT INTO BOARD_GAME (TITLE, PLAYER, OVERVIEW) VALUES ('フレスコ（Fresco / Fresko）', 2, '概要0');
INSERT INTO BOARD_GAME (TITLE, PLAYER, OVERVIEW) VALUES ('ブロックス トライゴン（Blokus Trigon）', 2, '概要0');
INSERT INTO BOARD_GAME (TITLE, PLAYER, OVERVIEW) VALUES ('ブロックス（Blokus / The Strategy Game）', 2, '概要0');
INSERT INTO BOARD_GAME (TITLE, PLAYER, OVERVIEW) VALUES ('フンギ（Morels / Fungi）', 2, '概要0');
INSERT INTO BOARD_GAME (TITLE, PLAYER, OVERVIEW) VALUES ('ペアーズ（Pairs）', 2, '概要0');
INSERT INTO BOARD_GAME (TITLE, PLAYER, OVERVIEW) VALUES ('ペアペア連想ゲーム（Linq）', 2, '概要0');
INSERT INTO BOARD_GAME (TITLE, PLAYER, OVERVIEW) VALUES ('ヘヴン＆エール（Heaven & Ale）', 2, '概要0');
INSERT INTO BOARD_GAME (TITLE, PLAYER, OVERVIEW) VALUES ('ペーパーテイルズ（Paper Tales）', 2, '概要0');
INSERT INTO BOARD_GAME (TITLE, PLAYER, OVERVIEW) VALUES ('ベガス（Las Vegas）', 2, '概要0');
INSERT INTO BOARD_GAME (TITLE, PLAYER, OVERVIEW) VALUES ('ベストアクト（Best Act）', 2, '概要0');
INSERT INTO BOARD_GAME (TITLE, PLAYER, OVERVIEW) VALUES ('ベストフレンドS（Best FriendS）', 2, '概要0');
INSERT INTO BOARD_GAME (TITLE, PLAYER, OVERVIEW) VALUES ('ヘックメック（Pickomino / Heckmeck am Bratwurmeck）', 2, '概要0');
INSERT INTO BOARD_GAME (TITLE, PLAYER, OVERVIEW) VALUES ('ペッパー（Pepper）', 2, '概要0');
INSERT INTO BOARD_GAME (TITLE, PLAYER, OVERVIEW) VALUES ('ペンギンパーティ（Pinguin-Party）', 2, '概要0');
INSERT INTO BOARD_GAME (TITLE, PLAYER, OVERVIEW) VALUES ('ポイズン（Friday the 13th / Poison）', 2, '概要0');
INSERT INTO BOARD_GAME (TITLE, PLAYER, OVERVIEW) VALUES ('ポーションエクスプロージョン（Potion Explosion）', 2, '概要0');
INSERT INTO BOARD_GAME (TITLE, PLAYER, OVERVIEW) VALUES ('ボーナンザ（Bohnanza）', 2, '概要0');
INSERT INTO BOARD_GAME (TITLE, PLAYER, OVERVIEW) VALUES ('ボツワナ（Botswana / Wildlife Safari ）', 2, '概要0');
INSERT INTO BOARD_GAME (TITLE, PLAYER, OVERVIEW) VALUES ('ポテトマン（Potato Man）', 2, '概要0');
INSERT INTO BOARD_GAME (TITLE, PLAYER, OVERVIEW) VALUES ('ボトルインプ（The Bottle Imp / Flaschenteufel）', 2, '概要0');
INSERT INTO BOARD_GAME (TITLE, PLAYER, OVERVIEW) VALUES ('ボブジテン（Bob Jiten）', 2, '概要0');
INSERT INTO BOARD_GAME (TITLE, PLAYER, OVERVIEW) VALUES ('ボブジテンその2（Bob Jiten 2）', 2, '概要0');
INSERT INTO BOARD_GAME (TITLE, PLAYER, OVERVIEW) VALUES ('ボブジテンその3（Bob Jiten 3）', 2, '概要0');
INSERT INTO BOARD_GAME (TITLE, PLAYER, OVERVIEW) VALUES ('ポルタ・ニグラ（Porta Nigra）', 2, '概要0');
INSERT INTO BOARD_GAME (TITLE, PLAYER, OVERVIEW) VALUES ('ポンジスキーム（Ponzi Scheme）', 2, '概要0');
INSERT INTO BOARD_GAME (TITLE, PLAYER, OVERVIEW) VALUES ('ポンペイ滅亡（Der Untergang von Pompeji）', 2, '概要0');
INSERT INTO BOARD_GAME (TITLE, PLAYER, OVERVIEW) VALUES ('マイス＆ミスティクス（Mice and Mystics）', 2, '概要0');
INSERT INTO BOARD_GAME (TITLE, PLAYER, OVERVIEW) VALUES ('マイルストーン（Capital）', 2, '概要0');
INSERT INTO BOARD_GAME (TITLE, PLAYER, OVERVIEW) VALUES ('マジェスティ（Majesty: For the Realm）', 2, '概要0');
INSERT INTO BOARD_GAME (TITLE, PLAYER, OVERVIEW) VALUES ('まじかる☆ベーカリー（Magical Bakery）', 2, '概要0');
INSERT INTO BOARD_GAME (TITLE, PLAYER, OVERVIEW) VALUES ('マジックメイズ（Magic Maze）', 2, '概要0');
INSERT INTO BOARD_GAME (TITLE, PLAYER, OVERVIEW) VALUES ('マジョリティパーティー（MAJORITY PARTY）', 2, '概要0');
INSERT INTO BOARD_GAME (TITLE, PLAYER, OVERVIEW) VALUES ('マスカレイド（Mascarade）', 2, '概要0');
INSERT INTO BOARD_GAME (TITLE, PLAYER, OVERVIEW) VALUES ('マスクメン（MaskMen）', 2, '概要0');
INSERT INTO BOARD_GAME (TITLE, PLAYER, OVERVIEW) VALUES ('マタンガ！（Matanga!）', 2, '概要0');
INSERT INTO BOARD_GAME (TITLE, PLAYER, OVERVIEW) VALUES ('マフィア・デ・クーバ（MAFIA de Cuba）', 2, '概要0');
INSERT INTO BOARD_GAME (TITLE, PLAYER, OVERVIEW) VALUES ('マモノノ～まものの喚(よ)び方～（Mamonono）', 2, '概要0');
INSERT INTO BOARD_GAME (TITLE, PLAYER, OVERVIEW) VALUES ('マラケシュ / ズライカ（Marrakech / Suleika）', 2, '概要0');
INSERT INTO BOARD_GAME (TITLE, PLAYER, OVERVIEW) VALUES ('マルコポーロの旅路（The Voyages of Marco Polo）', 2, '概要0');
INSERT INTO BOARD_GAME (TITLE, PLAYER, OVERVIEW) VALUES ('マンカラ（Mancala）', 2, '概要0');
INSERT INTO BOARD_GAME (TITLE, PLAYER, OVERVIEW) VALUES ('マンション・オブ・マッドネス：第2版（Mansions of Madness: Second Edition）', 2, '概要0');
INSERT INTO BOARD_GAME (TITLE, PLAYER, OVERVIEW) VALUES ('マンハッタン（Manhattan）', 2, '概要0');
INSERT INTO BOARD_GAME (TITLE, PLAYER, OVERVIEW) VALUES ('マンマミーア（Mamma Mia!）', 2, '概要0');
INSERT INTO BOARD_GAME (TITLE, PLAYER, OVERVIEW) VALUES ('ミステリウム（Mysterium）', 2, '概要0');
INSERT INTO BOARD_GAME (TITLE, PLAYER, OVERVIEW) VALUES ('ミラリス（Miraris）', 2, '概要0');
INSERT INTO BOARD_GAME (TITLE, PLAYER, OVERVIEW) VALUES ('みんなでぽんこつペイント（Minna de ponkotsu paint）', 2, '概要0');
INSERT INTO BOARD_GAME (TITLE, PLAYER, OVERVIEW) VALUES ('ムガル（旧版）（Mogul）', 2, '概要0');
INSERT INTO BOARD_GAME (TITLE, PLAYER, OVERVIEW) VALUES ('メキシカ（Mexica）', 2, '概要0');
INSERT INTO BOARD_GAME (TITLE, PLAYER, OVERVIEW) VALUES ('メディチ（Medici）', 2, '概要0');
INSERT INTO BOARD_GAME (TITLE, PLAYER, OVERVIEW) VALUES ('メモアァール！（Memoarrr!）', 2, '概要0');
INSERT INTO BOARD_GAME (TITLE, PLAYER, OVERVIEW) VALUES ('モダンアート（Modern Art）', 2, '概要0');
INSERT INTO BOARD_GAME (TITLE, PLAYER, OVERVIEW) VALUES ('もっとホイップを！（...aber bitte mit Sahne）', 2, '概要0');
INSERT INTO BOARD_GAME (TITLE, PLAYER, OVERVIEW) VALUES ('モテねば。（Moteneba.）', 2, '概要0');
INSERT INTO BOARD_GAME (TITLE, PLAYER, OVERVIEW) VALUES ('モレール（Moreru）', 2, '概要0');
INSERT INTO BOARD_GAME (TITLE, PLAYER, OVERVIEW) VALUES ('モンスターメーカー（新版）（Monster Maker: New Edition）', 2, '概要0');
INSERT INTO BOARD_GAME (TITLE, PLAYER, OVERVIEW) VALUES ('モンバサ（Mombasa）', 2, '概要0');
INSERT INTO BOARD_GAME (TITLE, PLAYER, OVERVIEW) VALUES ('やぎのベッポ（Beppo der Bock）', 2, '概要0');
INSERT INTO BOARD_GAME (TITLE, PLAYER, OVERVIEW) VALUES ('ラ・グランハ（La Granja）', 2, '概要0');
INSERT INTO BOARD_GAME (TITLE, PLAYER, OVERVIEW) VALUES ('ラー（Ra / Reiner Knizias Ra）', 2, '概要0');
INSERT INTO BOARD_GAME (TITLE, PLAYER, OVERVIEW) VALUES ('ライナー・クニツィアのキングダム / キングダム / 市場のお店（Kingdoms）', 2, '概要0');
INSERT INTO BOARD_GAME (TITLE, PLAYER, OVERVIEW) VALUES ('ラストナイト・オン・アース（Last Night on Earth: The Zombie Game）', 2, '概要0');
INSERT INTO BOARD_GAME (TITLE, PLAYER, OVERVIEW) VALUES ('ラビリンス（Labyrinth）', 2, '概要0');
INSERT INTO BOARD_GAME (TITLE, PLAYER, OVERVIEW) VALUES ('ラブクラフト・レター（Lovecraft Letter）', 2, '概要0');
INSERT INTO BOARD_GAME (TITLE, PLAYER, OVERVIEW) VALUES ('ラブレター（Love Letter）', 2, '概要0');
INSERT INTO BOARD_GAME (TITLE, PLAYER, OVERVIEW) VALUES ('ラミィキューブ（Rummikub）', 2, '概要0');
INSERT INTO BOARD_GAME (TITLE, PLAYER, OVERVIEW) VALUES ('ランカスター（Lancaster）', 2, '概要0');
INSERT INTO BOARD_GAME (TITLE, PLAYER, OVERVIEW) VALUES ('リカーーーリング（ReCURRRing）', 2, '概要0');
INSERT INTO BOARD_GAME (TITLE, PLAYER, OVERVIEW) VALUES ('リキュール・ザ・ゲーム（Liqueur the Game）', 2, '概要0');
INSERT INTO BOARD_GAME (TITLE, PLAYER, OVERVIEW) VALUES ('リトルタウンビルダーズ（Little Town Builders）', 2, '概要0');
INSERT INTO BOARD_GAME (TITLE, PLAYER, OVERVIEW) VALUES ('リフトイット！（Lift it!）', 2, '概要0');
INSERT INTO BOARD_GAME (TITLE, PLAYER, OVERVIEW) VALUES ('リベリウム（LIBRIUM）', 2, '概要0');
INSERT INTO BOARD_GAME (TITLE, PLAYER, OVERVIEW) VALUES ('ル・アーブル（Le Havre）', 2, '概要0');
INSERT INTO BOARD_GAME (TITLE, PLAYER, OVERVIEW) VALUES ('ルイスクラーク探検隊（Lewis & Clark）', 2, '概要0');
INSERT INTO BOARD_GAME (TITLE, PLAYER, OVERVIEW) VALUES ('ルーニークエスト（Loony Quest）', 2, '概要0');
INSERT INTO BOARD_GAME (TITLE, PLAYER, OVERVIEW) VALUES ('ルーム25（Room 25）', 2, '概要0');
INSERT INTO BOARD_GAME (TITLE, PLAYER, OVERVIEW) VALUES ('ルールの達人（Master of Rules）', 2, '概要0');
INSERT INTO BOARD_GAME (TITLE, PLAYER, OVERVIEW) VALUES ('ルクソール（Luxor）', 2, '概要0');
INSERT INTO BOARD_GAME (TITLE, PLAYER, OVERVIEW) VALUES ('レース・フォー・ザ・ギャラクシー（Race for the Galaxy）', 2, '概要0');
INSERT INTO BOARD_GAME (TITLE, PLAYER, OVERVIEW) VALUES ('レーベンヘルツ（新版）（Domaine）', 2, '概要0');
INSERT INTO BOARD_GAME (TITLE, PLAYER, OVERVIEW) VALUES ('レジスタンス：アヴァロン（The Resistance: Avalon）', 2, '概要0');
INSERT INTO BOARD_GAME (TITLE, PLAYER, OVERVIEW) VALUES ('レジスタンス（The Resistance）', 2, '概要0');
INSERT INTO BOARD_GAME (TITLE, PLAYER, OVERVIEW) VALUES ('レシピ（Recipe）', 2, '概要0');
INSERT INTO BOARD_GAME (TITLE, PLAYER, OVERVIEW) VALUES ('レッドアウト（Red Out ）', 2, '概要0');
INSERT INTO BOARD_GAME (TITLE, PLAYER, OVERVIEW) VALUES ('レッドドラゴン・イン（The Red Dragon Inn）', 2, '概要0');
INSERT INTO BOARD_GAME (TITLE, PLAYER, OVERVIEW) VALUES ('レミング（Lemminge）', 2, '概要0');
INSERT INTO BOARD_GAME (TITLE, PLAYER, OVERVIEW) VALUES ('ロイヤル・ターフ（Royal Turf）', 2, '概要0');
INSERT INTO BOARD_GAME (TITLE, PLAYER, OVERVIEW) VALUES ('ローゼンケーニッヒ / ローズキング（Rosenkoenig / The Rose King）', 2, '概要0');
INSERT INTO BOARD_GAME (TITLE, PLAYER, OVERVIEW) VALUES ('ロール・フォー・ザ・ギャラクシー（Roll for the Galaxy）', 2, '概要0');
INSERT INTO BOARD_GAME (TITLE, PLAYER, OVERVIEW) VALUES ('ロールプレイヤー（Roll Player）', 2, '概要0');
INSERT INTO BOARD_GAME (TITLE, PLAYER, OVERVIEW) VALUES ('ロココの仕立屋（Rococo）', 2, '概要0');
INSERT INTO BOARD_GAME (TITLE, PLAYER, OVERVIEW) VALUES ('ロシアンレールロード（Russian Railroads）', 2, '概要0');
INSERT INTO BOARD_GAME (TITLE, PLAYER, OVERVIEW) VALUES ('ロストシティ（Lost Cities）', 2, '概要0');
INSERT INTO BOARD_GAME (TITLE, PLAYER, OVERVIEW) VALUES ('ロストレガシー（Lost Legacy）', 2, '概要0');
INSERT INTO BOARD_GAME (TITLE, PLAYER, OVERVIEW) VALUES ('ロビンソン漂流記（Friday）', 2, '概要0');
INSERT INTO BOARD_GAME (TITLE, PLAYER, OVERVIEW) VALUES ('ロレンツォ・イル・マニーフィコ（Lorenzo il Magnifico）', 2, '概要0');
INSERT INTO BOARD_GAME (TITLE, PLAYER, OVERVIEW) VALUES ('ロンド（Rondo）', 2, '概要0');
INSERT INTO BOARD_GAME (TITLE, PLAYER, OVERVIEW) VALUES ('ワードウルフ（Word Wolf）', 2, '概要0');
INSERT INTO BOARD_GAME (TITLE, PLAYER, OVERVIEW) VALUES ('ワードスナイパー（Word Sniper）', 2, '概要0');
INSERT INTO BOARD_GAME (TITLE, PLAYER, OVERVIEW) VALUES ('ワードバスケット（Word Basket）', 2, '概要0');
INSERT INTO BOARD_GAME (TITLE, PLAYER, OVERVIEW) VALUES ('ワールズフェア1893（Worlds Fair 1893）', 2, '概要0');
INSERT INTO BOARD_GAME (TITLE, PLAYER, OVERVIEW) VALUES ('ワイナリーの四季：トスカーナ（拡張）（Tuscany Essential Edition）', 2, '概要0');
INSERT INTO BOARD_GAME (TITLE, PLAYER, OVERVIEW) VALUES ('ワイナリーの四季（Viticulture）', 2, '概要0');
INSERT INTO BOARD_GAME (TITLE, PLAYER, OVERVIEW) VALUES ('ワインと毒とゴブレット（Raise Your Goblets）', 2, '概要0');
INSERT INTO BOARD_GAME (TITLE, PLAYER, OVERVIEW) VALUES ('ワトソン＆ホームズ（Watson & Holmes）', 2, '概要0');
INSERT INTO BOARD_GAME (TITLE, PLAYER, OVERVIEW) VALUES ('ワニに乗る？（Tier auf Tier）', 2, '概要0');
INSERT INTO BOARD_GAME (TITLE, PLAYER, OVERVIEW) VALUES ('ワンス・アポン・ア・タイム（Once Upon a Time: The Storytelling Card Game）', 2, '概要0');
INSERT INTO BOARD_GAME (TITLE, PLAYER, OVERVIEW) VALUES ('ワンナイトマンション（One Night Mansion）', 2, '概要0');
INSERT INTO BOARD_GAME (TITLE, PLAYER, OVERVIEW) VALUES ('ワンナイト人狼（One Night Werewolf）', 2, '概要0');
INSERT INTO BOARD_GAME (TITLE, PLAYER, OVERVIEW) VALUES ('詠み人知らず（Yomibito Shirazu）', 2, '概要0');
INSERT INTO BOARD_GAME (TITLE, PLAYER, OVERVIEW) VALUES ('横暴編集長：ニンジャ記念日（Obo henshucho: Ninja nikki）', 2, '概要0');
INSERT INTO BOARD_GAME (TITLE, PLAYER, OVERVIEW) VALUES ('横暴編集長（Obo Henshucho）', 2, '概要0');
INSERT INTO BOARD_GAME (TITLE, PLAYER, OVERVIEW) VALUES ('横濱紳商伝（YOKOHAMA Shinshouden）', 2, '概要0');
INSERT INTO BOARD_GAME (TITLE, PLAYER, OVERVIEW) VALUES ('王と枢機卿（Kardinal und König）', 2, '概要0');
INSERT INTO BOARD_GAME (TITLE, PLAYER, OVERVIEW) VALUES ('王への請願（Um Krone und Kragen）', 2, '概要0');
INSERT INTO BOARD_GAME (TITLE, PLAYER, OVERVIEW) VALUES ('王宮のささやき（Palastgeflüster）', 2, '概要0');
INSERT INTO BOARD_GAME (TITLE, PLAYER, OVERVIEW) VALUES ('花火（Hanabi）', 2, '概要0');
INSERT INTO BOARD_GAME (TITLE, PLAYER, OVERVIEW) VALUES ('花見小路（Hanamikoji）', 2, '概要0');
INSERT INTO BOARD_GAME (TITLE, PLAYER, OVERVIEW) VALUES ('我流功夫極めロード（Garyu Kung Fu Kiwame Road）', 2, '概要0');
INSERT INTO BOARD_GAME (TITLE, PLAYER, OVERVIEW) VALUES ('海底探険（Deep Sea Adventure）', 2, '概要0');
INSERT INTO BOARD_GAME (TITLE, PLAYER, OVERVIEW) VALUES ('街コロ シャープ（Machi Koro: Millionaires Row）', 2, '概要0');
INSERT INTO BOARD_GAME (TITLE, PLAYER, OVERVIEW) VALUES ('街コロ プラス（Machi Koro: Harbor Expansion）', 2, '概要0');
INSERT INTO BOARD_GAME (TITLE, PLAYER, OVERVIEW) VALUES ('街コロ（Machi Koro）', 2, '概要0');
INSERT INTO BOARD_GAME (TITLE, PLAYER, OVERVIEW) VALUES ('漢コレ！（kankore）', 2, '概要0');
INSERT INTO BOARD_GAME (TITLE, PLAYER, OVERVIEW) VALUES ('汽車は進むよ（Jedzie pociąg z daleka）', 2, '概要0');
INSERT INTO BOARD_GAME (TITLE, PLAYER, OVERVIEW) VALUES ('丘の上の裏切者の館（Betrayal at House on the Hill）', 2, '概要0');
INSERT INTO BOARD_GAME (TITLE, PLAYER, OVERVIEW) VALUES ('凶星のデストラップ（NOT ALONE）', 2, '概要0');
INSERT INTO BOARD_GAME (TITLE, PLAYER, OVERVIEW) VALUES ('狂気山脈（Mountains of Madness）', 2, '概要0');
INSERT INTO BOARD_GAME (TITLE, PLAYER, OVERVIEW) VALUES ('禁断の島（Forbidden Island）', 2, '概要0');
INSERT INTO BOARD_GAME (TITLE, PLAYER, OVERVIEW) VALUES ('幻影探偵団（Phantom Detectives）', 2, '概要0');
INSERT INTO BOARD_GAME (TITLE, PLAYER, OVERVIEW) VALUES ('古代ローマの新しいゲーム（Neue Spiele im alten Rom）', 2, '概要0');
INSERT INTO BOARD_GAME (TITLE, PLAYER, OVERVIEW) VALUES ('枯山水（Stone Garden）', 2, '概要0');
INSERT INTO BOARD_GAME (TITLE, PLAYER, OVERVIEW) VALUES ('交易王（Merchants）', 2, '概要0');
INSERT INTO BOARD_GAME (TITLE, PLAYER, OVERVIEW) VALUES ('光合成（Photosynthesis）', 2, '概要0');
INSERT INTO BOARD_GAME (TITLE, PLAYER, OVERVIEW) VALUES ('江戸職人物語（IKI: A Game of EDO Artisans / Edo Craftsman Story）', 2, '概要0');
INSERT INTO BOARD_GAME (TITLE, PLAYER, OVERVIEW) VALUES ('航海の時代（Era of Voyage）', 2, '概要0');
INSERT INTO BOARD_GAME (TITLE, PLAYER, OVERVIEW) VALUES ('桜降る代に決闘を：第二幕 決定版（Sakura Arms: second edition）', 2, '概要0');
INSERT INTO BOARD_GAME (TITLE, PLAYER, OVERVIEW) VALUES ('桜降る代に決闘を（Sakura Arms）', 2, '概要0');
INSERT INTO BOARD_GAME (TITLE, PLAYER, OVERVIEW) VALUES ('惨劇ルーパー X（Tragedy RoopeR Kai）', 2, '概要0');
INSERT INTO BOARD_GAME (TITLE, PLAYER, OVERVIEW) VALUES ('惨劇ルーパー5th（Tragedy RoopeR 5th）', 2, '概要0');
INSERT INTO BOARD_GAME (TITLE, PLAYER, OVERVIEW) VALUES ('四季の森（Harvest Island）', 2, '概要0');
INSERT INTO BOARD_GAME (TITLE, PLAYER, OVERVIEW) VALUES ('支離滅裂（Krass Kariert）', 2, '概要0');
INSERT INTO BOARD_GAME (TITLE, PLAYER, OVERVIEW) VALUES ('死ぬまでにピラミッド（The Pyramid’s Deadline）', 2, '概要0');
INSERT INTO BOARD_GAME (TITLE, PLAYER, OVERVIEW) VALUES ('私が夢みるとき（When I Dream）', 2, '概要0');
INSERT INTO BOARD_GAME (TITLE, PLAYER, OVERVIEW) VALUES ('私の世界の見方（Wie ich die Welt sehe...）', 2, '概要0');
INSERT INTO BOARD_GAME (TITLE, PLAYER, OVERVIEW) VALUES ('似顔絵探偵（Painter Detective）', 2, '概要0');
INSERT INTO BOARD_GAME (TITLE, PLAYER, OVERVIEW) VALUES ('狩歌 基本セット（CARU UTA）', 2, '概要0');
INSERT INTO BOARD_GAME (TITLE, PLAYER, OVERVIEW) VALUES ('酒魅人～しゅみじん～（Shumijin）', 2, '概要0');
INSERT INTO BOARD_GAME (TITLE, PLAYER, OVERVIEW) VALUES ('呪いのミイラ（Fluch der Mumie）', 2, '概要0');
INSERT INTO BOARD_GAME (TITLE, PLAYER, OVERVIEW) VALUES ('十二季節の魔法使い（Seasons）', 2, '概要0');
INSERT INTO BOARD_GAME (TITLE, PLAYER, OVERVIEW) VALUES ('将棋（Shogi）', 2, '概要0');
INSERT INTO BOARD_GAME (TITLE, PLAYER, OVERVIEW) VALUES ('将軍（Shogun）', 2, '概要0');
INSERT INTO BOARD_GAME (TITLE, PLAYER, OVERVIEW) VALUES ('小早川（Kobayakawa）', 2, '概要0');
INSERT INTO BOARD_GAME (TITLE, PLAYER, OVERVIEW) VALUES ('蒸気の時代（Age of Steam）', 2, '概要0');
INSERT INTO BOARD_GAME (TITLE, PLAYER, OVERVIEW) VALUES ('心臓発作にならないための10の方法（Infarkt）', 2, '概要0');
INSERT INTO BOARD_GAME (TITLE, PLAYER, OVERVIEW) VALUES ('新・キング・オブ・トーキョー（King of Tokyo: Renewal）', 2, '概要0');
INSERT INTO BOARD_GAME (TITLE, PLAYER, OVERVIEW) VALUES ('新電力会社デラックス（Funkenschlag Deluxe: Europa/Nordamerika）', 2, '概要0');
INSERT INTO BOARD_GAME (TITLE, PLAYER, OVERVIEW) VALUES ('新幕 桜降る代に決闘を：達人セット（Sakura Arms: Tatsujin）', 2, '概要0');
INSERT INTO BOARD_GAME (TITLE, PLAYER, OVERVIEW) VALUES ('新幕 桜降る代に決闘を（Shinmaku Sakura Arms）', 2, '概要0');
INSERT INTO BOARD_GAME (TITLE, PLAYER, OVERVIEW) VALUES ('人狼ゲーム（Jinro Game）', 2, '概要0');
INSERT INTO BOARD_GAME (TITLE, PLAYER, OVERVIEW) VALUES ('酔いどれ猫のブルース（Katzenjammer Blues）', 2, '概要0');
INSERT INTO BOARD_GAME (TITLE, PLAYER, OVERVIEW) VALUES ('世界の七不思議：デュエル - パンテオン（拡張）（7 WONDERS DUEL: Pantheon）', 2, '概要0');
INSERT INTO BOARD_GAME (TITLE, PLAYER, OVERVIEW) VALUES ('世界の七不思議：デュエル（7 Wonders Duel）', 2, '概要0');
INSERT INTO BOARD_GAME (TITLE, PLAYER, OVERVIEW) VALUES ('世界の七不思議：指導者たち（7 WONDERS: LEADERS）', 2, '概要0');
INSERT INTO BOARD_GAME (TITLE, PLAYER, OVERVIEW) VALUES ('成敗（Say Bye to the Villains）', 2, '概要0');
INSERT INTO BOARD_GAME (TITLE, PLAYER, OVERVIEW) VALUES ('精霊回路ドライヴ（Seirei Kairo Drive）', 2, '概要0');
INSERT INTO BOARD_GAME (TITLE, PLAYER, OVERVIEW) VALUES ('聖杯サクセション（Throne and the Grail）', 2, '概要0');
INSERT INTO BOARD_GAME (TITLE, PLAYER, OVERVIEW) VALUES ('赤ずきんは眠らない（Eat Me If You Can!）', 2, '概要0');
INSERT INTO BOARD_GAME (TITLE, PLAYER, OVERVIEW) VALUES ('絶滅ダウト / マンモス（MammuZ）', 2, '概要0');
INSERT INTO BOARD_GAME (TITLE, PLAYER, OVERVIEW) VALUES ('戦国時代（Age of War）', 2, '概要0');
INSERT INTO BOARD_GAME (TITLE, PLAYER, OVERVIEW) VALUES ('倉庫の街（Die Speicherstadt）', 2, '概要0');
INSERT INTO BOARD_GAME (TITLE, PLAYER, OVERVIEW) VALUES ('窓ふき職人 / この窓どの窓（Meister Scheibenkleister）', 2, '概要0');
INSERT INTO BOARD_GAME (TITLE, PLAYER, OVERVIEW) VALUES ('村の人生：港町（拡張）（Village: Port）', 2, '概要0');
INSERT INTO BOARD_GAME (TITLE, PLAYER, OVERVIEW) VALUES ('村の人生（Village）', 2, '概要0');
INSERT INTO BOARD_GAME (TITLE, PLAYER, OVERVIEW) VALUES ('袋の中の猫フィロー（Felix: The Cat in the Sack）', 2, '概要0');
INSERT INTO BOARD_GAME (TITLE, PLAYER, OVERVIEW) VALUES ('大いなる狂気の書（The Big Book Of Madness）', 2, '概要0');
INSERT INTO BOARD_GAME (TITLE, PLAYER, OVERVIEW) VALUES ('大怪獣コトバモドス（Daikaiju Kotobamodosu）', 2, '概要0');
INSERT INTO BOARD_GAME (TITLE, PLAYER, OVERVIEW) VALUES ('脱出：ザ・ゲーム 荒れはてた小屋（EXIT: Die verlassene Hütte）', 2, '概要0');
INSERT INTO BOARD_GAME (TITLE, PLAYER, OVERVIEW) VALUES ('炭鉱讃歌（Coal Baron / Glück Auf!）', 2, '概要0');
INSERT INTO BOARD_GAME (TITLE, PLAYER, OVERVIEW) VALUES ('知ったか映画研究家スペシャル!（Know-It-ALL Movie Critics）', 2, '概要0');
INSERT INTO BOARD_GAME (TITLE, PLAYER, OVERVIEW) VALUES ('電力会社（Funkenschlag）', 2, '概要0');
INSERT INTO BOARD_GAME (TITLE, PLAYER, OVERVIEW) VALUES ('東海道（Tokaido）', 2, '概要0');
INSERT INTO BOARD_GAME (TITLE, PLAYER, OVERVIEW) VALUES ('東京サイドキック（Tokyo Sidekick）', 2, '概要0');
INSERT INTO BOARD_GAME (TITLE, PLAYER, OVERVIEW) VALUES ('逃げゾンビ（Run, Fight, or Die!）', 2, '概要0');
INSERT INTO BOARD_GAME (TITLE, PLAYER, OVERVIEW) VALUES ('犯人は踊る（Dancing Criminal）', 2, '概要0');
INSERT INTO BOARD_GAME (TITLE, PLAYER, OVERVIEW) VALUES ('文絵のために（For Fumie）', 2, '概要0');
INSERT INTO BOARD_GAME (TITLE, PLAYER, OVERVIEW) VALUES ('宝石の煌き：都市（Cities of Splendor）', 2, '概要0');
INSERT INTO BOARD_GAME (TITLE, PLAYER, OVERVIEW) VALUES ('宝石の煌き（Splendor）', 2, '概要0');
INSERT INTO BOARD_GAME (TITLE, PLAYER, OVERVIEW) VALUES ('北海の侵略者（Raiders of the North Sea）', 2, '概要0');
INSERT INTO BOARD_GAME (TITLE, PLAYER, OVERVIEW) VALUES ('魔法にかかったみたい（Wie verhext! / Witchs Brew）', 2, '概要0');
INSERT INTO BOARD_GAME (TITLE, PLAYER, OVERVIEW) VALUES ('魔法のラビリンス（The Magic Labyrinth / Das Magische Labyrinth）', 2, '概要0');
INSERT INTO BOARD_GAME (TITLE, PLAYER, OVERVIEW) VALUES ('麻雀（Mahjong）', 2, '概要0');
INSERT INTO BOARD_GAME (TITLE, PLAYER, OVERVIEW) VALUES ('娘は誰にもやらん（Musume ha Darenimo Yaran）', 2, '概要0');
INSERT INTO BOARD_GAME (TITLE, PLAYER, OVERVIEW) VALUES ('命の砂時計-Limit 7 days-（Inochi no Sunadokei）', 2, '概要0');
INSERT INTO BOARD_GAME (TITLE, PLAYER, OVERVIEW) VALUES ('郵便馬車（Thurn and Taxis）', 2, '概要0');
INSERT INTO BOARD_GAME (TITLE, PLAYER, OVERVIEW) VALUES ('裏切りの工作員（The Message）', 2, '概要0');
INSERT INTO BOARD_GAME (TITLE, PLAYER, OVERVIEW) VALUES ('老師敬服（Rohshi Keifuku）', 2, '概要0');
INSERT INTO BOARD_GAME (TITLE, PLAYER, OVERVIEW) VALUES ('曖昧フェイバリットシングス（Eye My Favorite Things）', 2, '概要0');
INSERT INTO BOARD_GAME (TITLE, PLAYER, OVERVIEW) VALUES ('藪の中（Hattari）', 2, '概要0');
INSERT INTO BOARD_GAME (TITLE, PLAYER, OVERVIEW) VALUES ('髑髏と薔薇 / スカル（Skull & Roses）', 2, '概要0');
INSERT INTO BOARD_GAME (TITLE, PLAYER, OVERVIEW) VALUES ('髑髏と薔薇：赤箱（Skull & Roses: Red）', 2, '概要0');

INSERT INTO PLACE (NAME) VALUES ('ショップ娯楽屋　秋葉原スペース店');
INSERT INTO PLACE (NAME) VALUES ('ディアシュピール（DEAR SPIELE）');
INSERT INTO PLACE (NAME) VALUES ('法林寺温泉');
INSERT INTO PLACE (NAME) VALUES ('GayMixGameBar秘密基地');
INSERT INTO PLACE (NAME) VALUES ('BOARDGAME.Lab!DDT');
INSERT INTO PLACE (NAME) VALUES ('ボードゲームカフェSUBBOX');
INSERT INTO PLACE (NAME) VALUES ('Bb箕面船場店');
INSERT INTO PLACE (NAME) VALUES ('Cafe Brownstone（ボードゲーム＆カフェ）');
INSERT INTO PLACE (NAME) VALUES ('Brett');
INSERT INTO PLACE (NAME) VALUES ('ぱらだいす');
INSERT INTO PLACE (NAME) VALUES ('ボードゲームスペース ボドゲの森');
INSERT INTO PLACE (NAME) VALUES ('ENISHIボドゲスペース');
INSERT INTO PLACE (NAME) VALUES ('ゲームバー236');
INSERT INTO PLACE (NAME) VALUES ('Ajito ～board game party～');
INSERT INTO PLACE (NAME) VALUES ('ボードゲームカフェ・アリスの時計');
INSERT INTO PLACE (NAME) VALUES ('SUNNY BIRD');
INSERT INTO PLACE (NAME) VALUES ('ぼどげかふぇ れもん');
INSERT INTO PLACE (NAME) VALUES ('秋葉原集会所');
INSERT INTO PLACE (NAME) VALUES ('game cafe BINGO');
INSERT INTO PLACE (NAME) VALUES ('タージュ');
INSERT INTO PLACE (NAME) VALUES ('サラダ館稲美母里店（マルオ洋品店）');
INSERT INTO PLACE (NAME) VALUES ('Cafe戸田日和lab.');
INSERT INTO PLACE (NAME) VALUES ('キウイゲームズ 新大阪南方店');
INSERT INTO PLACE (NAME) VALUES ('EDGE');
INSERT INTO PLACE (NAME) VALUES ('ボードゲームショップ ギルド');
INSERT INTO PLACE (NAME) VALUES ('ボードゲーム喫茶 天岩庵');
INSERT INTO PLACE (NAME) VALUES ('ボードゲームプレイスペース Kinked Tail');
INSERT INTO PLACE (NAME) VALUES ('ボードゲームショップ＆プレイスペース さいふる[xi-full]');
INSERT INTO PLACE (NAME) VALUES ('コロコロ堂');
INSERT INTO PLACE (NAME) VALUES ('quick TiMe');
INSERT INTO PLACE (NAME) VALUES ('ゲームプレイルーム　ボド☆スタ');
INSERT INTO PLACE (NAME) VALUES ('deli cafe はな');
INSERT INTO PLACE (NAME) VALUES ('ゲームプレイスペース・クルラコーン');
INSERT INTO PLACE (NAME) VALUES ('ボドパや(OSGフィールド)');
INSERT INTO PLACE (NAME) VALUES ('SANTAS');
INSERT INTO PLACE (NAME) VALUES ('ドイツゲーム喫茶 B-CAFE');
INSERT INTO PLACE (NAME) VALUES ('CAFE702');
INSERT INTO PLACE (NAME) VALUES ('駿河屋静岡本店');
INSERT INTO PLACE (NAME) VALUES ('ゲームショップぶんぶん');
INSERT INTO PLACE (NAME) VALUES ('上野上さま');
INSERT INTO PLACE (NAME) VALUES ('カードボックス名張店');
INSERT INTO PLACE (NAME) VALUES ('友達酒場（ギルド） たなごころ');
INSERT INTO PLACE (NAME) VALUES ('エキチカ温泉・くろしお');
INSERT INTO PLACE (NAME) VALUES ('キノスの樹');
INSERT INTO PLACE (NAME) VALUES ('イーフィールド平塚駅前店');
INSERT INTO PLACE (NAME) VALUES ('e-sports&ボドゲBar Clan');
INSERT INTO PLACE (NAME) VALUES ('ボードゲームカフェ-デザート＊スプーン(デザスプ)');
INSERT INTO PLACE (NAME) VALUES ('BAR DOTs');
INSERT INTO PLACE (NAME) VALUES ('遊べるカフェTriple');
INSERT INTO PLACE (NAME) VALUES ('boardgamecafe flyer');
INSERT INTO PLACE (NAME) VALUES ('トレカ＆ゲームZEST');
INSERT INTO PLACE (NAME) VALUES ('ボドゲ☆らんど');
INSERT INTO PLACE (NAME) VALUES ('スノーの酒場');
INSERT INTO PLACE (NAME) VALUES ('喫茶あかね');
INSERT INTO PLACE (NAME) VALUES ('ゲームストア・バネスト');
INSERT INTO PLACE (NAME) VALUES ('JELLY JELLY CAFE 池袋店');
INSERT INTO PLACE (NAME) VALUES ('goonie cafe');
INSERT INTO PLACE (NAME) VALUES ('LittleSpell');
INSERT INTO PLACE (NAME) VALUES ('ボードゲームハウスゆりちゃん');
INSERT INTO PLACE (NAME) VALUES ('BAR ENCOUNT');
INSERT INTO PLACE (NAME) VALUES ('ゲーム＆コミュニティー Cafe the UNION');
INSERT INTO PLACE (NAME) VALUES ('杜の都のボードゲームカフェ　ベロニカペルシカ');
INSERT INTO PLACE (NAME) VALUES ('雀宮ボードゲームカフェ');
INSERT INTO PLACE (NAME) VALUES ('冒険と遊びの喫茶店 らみぃ');
INSERT INTO PLACE (NAME) VALUES ('カラオケライブタウンパーティハウス');
INSERT INTO PLACE (NAME) VALUES ('ゲームカフェぶんぶん');
INSERT INTO PLACE (NAME) VALUES ('BOARDGAME.Realm DDT');
INSERT INTO PLACE (NAME) VALUES ('魔王の森');
INSERT INTO PLACE (NAME) VALUES ('JELLY JELLY FAMILY');
INSERT INTO PLACE (NAME) VALUES ('ゲームスペースあなーば');
INSERT INTO PLACE (NAME) VALUES ('フロンティア 薬院店');
INSERT INTO PLACE (NAME) VALUES ('God Chappie');
INSERT INTO PLACE (NAME) VALUES ('雑貨・ボードゲームプレイスペースおもくろや');
INSERT INTO PLACE (NAME) VALUES ('ゲームショップブリックス');
INSERT INTO PLACE (NAME) VALUES ('ゴンドリエーレの自宅カフェ【ベネチ屋】');
INSERT INTO PLACE (NAME) VALUES ('五郎茶屋');
INSERT INTO PLACE (NAME) VALUES ('王の洞窟　岐南本店');
INSERT INTO PLACE (NAME) VALUES ('ボードゲームひろば');
INSERT INTO PLACE (NAME) VALUES ('あそび堂');
INSERT INTO PLACE (NAME) VALUES ('ボードゲームサロンらいふ');
INSERT INTO PLACE (NAME) VALUES ('イベントバーまよいが');
INSERT INTO PLACE (NAME) VALUES ('あそびBarコロン');
INSERT INTO PLACE (NAME) VALUES ('ボードゲームスペース THIRD PLACE　秋葉原');
INSERT INTO PLACE (NAME) VALUES ('Board Game Space Toy-coLabo');
INSERT INTO PLACE (NAME) VALUES ('ボードゲームカフェinまる空間');
INSERT INTO PLACE (NAME) VALUES ('Gamez白楽');
INSERT INTO PLACE (NAME) VALUES ('ボードゲームカフェ＆バーadhoc');
INSERT INTO PLACE (NAME) VALUES ('ラゲージルームカフェ');
INSERT INTO PLACE (NAME) VALUES ('Board Game  Cafe Lounge ROSA');
INSERT INTO PLACE (NAME) VALUES ('Table Game Cafe Shuffle');
INSERT INTO PLACE (NAME) VALUES ('BBツリー');
INSERT INTO PLACE (NAME) VALUES ('CosmosWan');
INSERT INTO PLACE (NAME) VALUES ('Gnade von KAGURA');
INSERT INTO PLACE (NAME) VALUES ('フローチャート');
INSERT INTO PLACE (NAME) VALUES ('ボードゲームBARダイス');
INSERT INTO PLACE (NAME) VALUES ('あそびーばー');
INSERT INTO PLACE (NAME) VALUES ('octomon英会話');
INSERT INTO PLACE (NAME) VALUES ('王の洞窟jr.　一宮22号バイパス店');
INSERT INTO PLACE (NAME) VALUES ('つみきや');
INSERT INTO PLACE (NAME) VALUES ('Bar Delfin');
INSERT INTO PLACE (NAME) VALUES ('パセラ横浜ハマボールイアス店');
INSERT INTO PLACE (NAME) VALUES ('カードボックス矢向店');
INSERT INTO PLACE (NAME) VALUES ('パセラリゾーツ銀座店');
INSERT INTO PLACE (NAME) VALUES ('パセラリゾーツ渋谷店');
INSERT INTO PLACE (NAME) VALUES ('カフェ＆バー リンクスター');
INSERT INTO PLACE (NAME) VALUES ('Caravans Base（きゃらべ）');
INSERT INTO PLACE (NAME) VALUES ('パセラリゾーツＡＫＩＢＡマルチエンターテインメント');
INSERT INTO PLACE (NAME) VALUES ('JELLY JELLY CAFE 名古屋大須店');
INSERT INTO PLACE (NAME) VALUES ('ゆめいろたんけんたい');
INSERT INTO PLACE (NAME) VALUES ('遊べるボードゲーム屋ファミーリエ');
INSERT INTO PLACE (NAME) VALUES ('Cafe & GameBar ことぶき');
INSERT INTO PLACE (NAME) VALUES ('ある世界');
INSERT INTO PLACE (NAME) VALUES ('ボードゲームカフェ BRESPI');
INSERT INTO PLACE (NAME) VALUES ('人狼ベース');
INSERT INTO PLACE (NAME) VALUES ('talk CAFE chikaku,');
INSERT INTO PLACE (NAME) VALUES ('ジェリーの謎解きルーム');
INSERT INTO PLACE (NAME) VALUES ('ボードゲームスペース ポンポン');
INSERT INTO PLACE (NAME) VALUES ('ボードゲームカフェ FLiP DROP');
INSERT INTO PLACE (NAME) VALUES ('ボードゲームカフェ・ボードボード');
INSERT INTO PLACE (NAME) VALUES ('遊戯処あなぐま');
INSERT INTO PLACE (NAME) VALUES ('カードショップ喫茶すのめろ');
INSERT INTO PLACE (NAME) VALUES ('ボードゲームひろば三楽堂');
INSERT INTO PLACE (NAME) VALUES ('Decemberボートゲームカフェ');
INSERT INTO PLACE (NAME) VALUES ('ゲーム集会所ストライクショット');
INSERT INTO PLACE (NAME) VALUES ('60minutes cafe');
INSERT INTO PLACE (NAME) VALUES ('紙ひこうき');
INSERT INTO PLACE (NAME) VALUES ('BARとらい★あんぐる');
INSERT INTO PLACE (NAME) VALUES ('イベントバーエデン名古屋');
INSERT INTO PLACE (NAME) VALUES ('friends');
INSERT INTO PLACE (NAME) VALUES ('駒の時間');
INSERT INTO PLACE (NAME) VALUES ('リトルケイブ高円寺店');
INSERT INTO PLACE (NAME) VALUES ('大須フリースペース');
INSERT INTO PLACE (NAME) VALUES ('古着とボードゲーム「どーん‼︎ズ」');
INSERT INTO PLACE (NAME) VALUES ('多目的カフェ＆バー「花唐草」');
INSERT INTO PLACE (NAME) VALUES ('パン・ボドゲカフェ Labo');
INSERT INTO PLACE (NAME) VALUES ('ゲームショップとど');
INSERT INTO PLACE (NAME) VALUES ('JELLY JELLY CAFE 横浜店');
INSERT INTO PLACE (NAME) VALUES ('Game & Music Bar CAPSULE');
INSERT INTO PLACE (NAME) VALUES ('鈴鹿でダーツ＆ボドゲ DDT');
INSERT INTO PLACE (NAME) VALUES ('ボードゲームカフェJOGO');
INSERT INTO PLACE (NAME) VALUES ('BOARDGAME & CAFE シュパース');
INSERT INTO PLACE (NAME) VALUES ('ONBOARD');
INSERT INTO PLACE (NAME) VALUES ('人狼村');
INSERT INTO PLACE (NAME) VALUES ('EiN PROSiT!!');
INSERT INTO PLACE (NAME) VALUES ('ボードゲームカフェ『ぐらすぺ！』');
INSERT INTO PLACE (NAME) VALUES ('ボードゲームショップDDT');
INSERT INTO PLACE (NAME) VALUES ('Bar Eye');
INSERT INTO PLACE (NAME) VALUES ('デューク書店');
INSERT INTO PLACE (NAME) VALUES ('茶珈');
INSERT INTO PLACE (NAME) VALUES ('カードボックス津店');
INSERT INTO PLACE (NAME) VALUES ('トイコンプ大阪駅前第3ビル店');
INSERT INTO PLACE (NAME) VALUES ('仙台ゲームバーシルドラ');
INSERT INTO PLACE (NAME) VALUES ('カードショップあかもん');
INSERT INTO PLACE (NAME) VALUES ('GOTTA2 CAFE');
INSERT INTO PLACE (NAME) VALUES ('ゲームバー エクルイット');
INSERT INTO PLACE (NAME) VALUES ('リトルケイブ新宿店');
INSERT INTO PLACE (NAME) VALUES ('JELLY JELLY CAFE 立川店');
INSERT INTO PLACE (NAME) VALUES ('CAFE GAIA');
INSERT INTO PLACE (NAME) VALUES ('The Hearth');
INSERT INTO PLACE (NAME) VALUES ('GuildBAR');
INSERT INTO PLACE (NAME) VALUES ('ジョコタスカフェ');
INSERT INTO PLACE (NAME) VALUES ('RPlay');
INSERT INTO PLACE (NAME) VALUES ('Cafe Meeple');
INSERT INTO PLACE (NAME) VALUES ('中野ボードゲーム＆ダイニングバーkurumari');
INSERT INTO PLACE (NAME) VALUES ('Hello Hello');
INSERT INTO PLACE (NAME) VALUES ('ゲームバー京都');
INSERT INTO PLACE (NAME) VALUES ('ゲームバー Quest');
INSERT INTO PLACE (NAME) VALUES ('Like a Lightning');
INSERT INTO PLACE (NAME) VALUES ('JINROU VILLAGE - live & cafe bar -');
INSERT INTO PLACE (NAME) VALUES ('COLLECTION’ｚ CAFE  FREEDOM');
INSERT INTO PLACE (NAME) VALUES ('よこはまのボードゲーム屋さん　リゴレ');
INSERT INTO PLACE (NAME) VALUES ('ボードゲームカフェ なごみ空間 とけいまわり');
INSERT INTO PLACE (NAME) VALUES ('よろずや食堂');
INSERT INTO PLACE (NAME) VALUES ('フロンティア 天神店');
INSERT INTO PLACE (NAME) VALUES ('ゲームカフェバージーホリック');
INSERT INTO PLACE (NAME) VALUES ('hello coffee stand');
INSERT INTO PLACE (NAME) VALUES ('Time Walk');
INSERT INTO PLACE (NAME) VALUES ('人狼HOUSE 大阪店');
INSERT INTO PLACE (NAME) VALUES ('駄菓子＆ゲームバーBARON バロン三宮');
INSERT INTO PLACE (NAME) VALUES ('カフェ・フラップフラップ');
INSERT INTO PLACE (NAME) VALUES ('ボードゲームカフェ ムスビヨリ');
INSERT INTO PLACE (NAME) VALUES ('FLAT');
INSERT INTO PLACE (NAME) VALUES ('ボードゲームカフェ武蔵新城');
INSERT INTO PLACE (NAME) VALUES ('サイコロブクロ');
INSERT INTO PLACE (NAME) VALUES ('人狼HOUSE 福岡店');
INSERT INTO PLACE (NAME) VALUES ('JELLY JELLY CAFE 水道橋店');
INSERT INTO PLACE (NAME) VALUES ('松本亭一農舎');
INSERT INTO PLACE (NAME) VALUES ('ディスカバリーゲームズ');
INSERT INTO PLACE (NAME) VALUES ('ゲームサークル');
INSERT INTO PLACE (NAME) VALUES ('サラダ館白鳥店');
INSERT INTO PLACE (NAME) VALUES ('CocktailBAR Lightstone');
INSERT INTO PLACE (NAME) VALUES ('すかんぴん');
INSERT INTO PLACE (NAME) VALUES ('ゲームスペース金沢');
INSERT INTO PLACE (NAME) VALUES ('どうぶつしょうぎcafe いっぷく');
INSERT INTO PLACE (NAME) VALUES ('ゲームバーCatena');
INSERT INTO PLACE (NAME) VALUES ('ボドゲスペースみらいや');
INSERT INTO PLACE (NAME) VALUES ('ゲームバー1UP');
INSERT INTO PLACE (NAME) VALUES ('PeeGee');
INSERT INTO PLACE (NAME) VALUES ('ゲームバーグリュック');
INSERT INTO PLACE (NAME) VALUES ('inst');
INSERT INTO PLACE (NAME) VALUES ('ボードゲーム喫茶ヒデ');
INSERT INTO PLACE (NAME) VALUES ('ゲームバーグッドゲーム');
INSERT INTO PLACE (NAME) VALUES ('game cafe ATTIC');
INSERT INTO PLACE (NAME) VALUES ('HAIR EY');
INSERT INTO PLACE (NAME) VALUES ('まなび×あそびカフェ');
INSERT INTO PLACE (NAME) VALUES ('人狼HOUSE 渋谷店');
INSERT INTO PLACE (NAME) VALUES ('人狼HOUSE 名古屋店');
INSERT INTO PLACE (NAME) VALUES ('ゲームバー ファナティー 神戸 三宮');
INSERT INTO PLACE (NAME) VALUES ('プレイマーケット');
INSERT INTO PLACE (NAME) VALUES ('JELLY JELLY CAFE 渋谷店');
INSERT INTO PLACE (NAME) VALUES ('アソビCafe');
INSERT INTO PLACE (NAME) VALUES ('ミープルの森');
INSERT INTO PLACE (NAME) VALUES ('JELLY JELLY CAFE 福岡天神店');
INSERT INTO PLACE (NAME) VALUES ('BAR 蓮～Lotus～');
INSERT INTO PLACE (NAME) VALUES ('ホビースペースアイン');
INSERT INTO PLACE (NAME) VALUES ('ボードゲーム・カフェー賽翁');
INSERT INTO PLACE (NAME) VALUES ('キウイゲームズ');
INSERT INTO PLACE (NAME) VALUES ('ヒカリゲームズ堺');
INSERT INTO PLACE (NAME) VALUES ('GeeBee');
INSERT INTO PLACE (NAME) VALUES ('cafebarかくれが');
INSERT INTO PLACE (NAME) VALUES ('TrickDice');
INSERT INTO PLACE (NAME) VALUES ('はまりばカフェ');
INSERT INTO PLACE (NAME) VALUES ('喫茶マーブル');
INSERT INTO PLACE (NAME) VALUES ('JELLY JELLY CAFE 下北沢店');
INSERT INTO PLACE (NAME) VALUES ('東京ゲームバー');
INSERT INTO PLACE (NAME) VALUES ('GAME BAR - Hello, world!');
INSERT INTO PLACE (NAME) VALUES ('ゲームっちカフェ');
INSERT INTO PLACE (NAME) VALUES ('かくれがゲームカフェこにょっと。');